2026-08-05 08:24:28 | INFO     | lottery_bot | ==================================================
2026-08-05 08:24:28 | INFO     | lottery_bot | Lottery Bot starting...
2026-08-05 08:24:28 | INFO     | lottery_bot | ==================================================
2026-08-05 08:24:29 | INFO     | lottery_bot | Database initialized at lottery_results.db
2026-08-05 08:24:29 | INFO     | lottery_bot | LineSender initialized for group C3da8f4c...
2026-08-05 08:24:29 | INFO     | lottery_bot | Loaded 27 lotteries from config.json
2026-08-05 08:24:29 | INFO     | lottery_bot | Scheduled ลาว Extra at 08:30 (Asia/Bangkok)
2026-08-05 08:24:29 | INFO     | lottery_bot | Scheduled ฮานอยอาเซียน at 09:30 (Asia/Bangkok)
2026-08-05 08:24:29 | INFO     | lottery_bot | Scheduled นิเคอิเช้า at 09:30 (Asia/Bangkok)
2026-08-05 08:24:29 | INFO     | lottery_bot | Scheduled นิเคอิเช้า VIP at 09:05 (Asia/Bangkok)
2026-08-05 08:24:29 | INFO     | lottery_bot | Scheduled จีนเช้า at 10:30 (Asia/Bangkok)
2026-08-05 08:24:29 | INFO     | lottery_bot | Scheduled จีนเช้า VIP at 10:05 (Asia/Bangkok)
2026-08-05 08:24:29 | INFO     | lottery_bot | Scheduled ลาว TV at 10:30 (Asia/Bangkok)
2026-08-05 08:24:29 | INFO     | lottery_bot | Scheduled ฮั่งเส็งเช้า at 11:06 (Asia/Bangkok)
2026-08-05 08:24:29 | INFO     | lottery_bot | Scheduled ฮั่งเส็งเช้า VIP at 10:35 (Asia/Bangkok)
2026-08-05 08:24:29 | INFO     | lottery_bot | Scheduled ฮานอย HD at 11:30 (Asia/Bangkok)
2026-08-05 08:24:29 | INFO     | lottery_bot | Scheduled ไต้หวัน VIP at 11:35 (Asia/Bangkok)
2026-08-05 08:24:29 | INFO     | lottery_bot | Scheduled ฮานอย Star at 12:30 (Asia/Bangkok)
2026-08-05 08:24:29 | INFO     | lottery_bot | Scheduled ไต้หวัน at 12:34 (Asia/Bangkok)
2026-08-05 08:24:29 | INFO     | lottery_bot | Scheduled เกาหลี VIP at 12:35 (Asia/Bangkok)
2026-08-05 08:24:29 | INFO     | lottery_bot | Scheduled นิเคอิบ่าย at 13:00 (Asia/Bangkok)
2026-08-05 08:24:29 | INFO     | lottery_bot | Scheduled นิเคอิบ่าย VIP at 13:25 (Asia/Bangkok)
2026-08-05 08:24:29 | INFO     | lottery_bot | Scheduled หุ้นเกาหลี at 13:30 (Asia/Bangkok)
2026-08-05 08:24:29 | INFO     | lottery_bot | Scheduled ลาว HD at 13:45 (Asia/Bangkok)
2026-08-05 08:24:29 | INFO     | lottery_bot | Scheduled จีนบ่าย at 14:00 (Asia/Bangkok)
2026-08-05 08:24:29 | INFO     | lottery_bot | Scheduled จีนบ่าย VIP at 14:25 (Asia/Bangkok)
2026-08-05 08:24:29 | INFO     | lottery_bot | Scheduled ฮานอย TV at 14:30 (Asia/Bangkok)
2026-08-05 08:24:29 | INFO     | lottery_bot | Scheduled ฮั่งเส็งบ่าย at 15:10 (Asia/Bangkok)
2026-08-05 08:24:29 | INFO     | lottery_bot | Scheduled ฮั่งเส็งบ่าย VIP at 15:25 (Asia/Bangkok)
2026-08-05 08:24:29 | INFO     | lottery_bot | Scheduled ลาว Star at 15:45 (Asia/Bangkok)
2026-08-05 08:24:29 | INFO     | lottery_bot | Scheduled หุ้นสิงคโปร์ at 16:25 (Asia/Bangkok)
2026-08-05 08:24:29 | INFO     | lottery_bot | Scheduled ฮานอย กาชาด at 16:30 (Asia/Bangkok)
2026-08-05 08:24:29 | INFO     | lottery_bot | Scheduled หุ้นไทยเย็น at 16:40 (Asia/Bangkok)
2026-08-05 08:24:29 | INFO     | lottery_bot | Scheduler started
2026-08-05 08:24:29 | INFO     | lottery_bot | Bot is running. Press Ctrl+C to stop.
2026-08-05 08:30:00 | INFO     | lottery_bot | === Start checking ลาว Extra (max 10 min) ===
2026-08-05 08:30:00 | INFO     | lottery_bot | ลาว Extra attempt 1/10
2026-08-05 08:30:00 | INFO     | lottery_bot.parsers | Fetching https://laoextra.com/
2026-08-05 08:30:00 | ERROR    | lottery_bot.parsers | Parser ลาว Extra failed: Could not extract result from https://laoextra.com/
2026-08-05 08:30:00 | WARNING  | lottery_bot | ParseError for ลาว Extra: Could not extract result from https://laoextra.com/
2026-08-05 08:31:00 | INFO     | lottery_bot | ลาว Extra attempt 2/10
2026-08-05 08:31:00 | INFO     | lottery_bot.parsers | Fetching https://laoextra.com/
2026-08-05 08:31:00 | ERROR    | lottery_bot.parsers | Parser ลาว Extra failed: Could not extract result from https://laoextra.com/
2026-08-05 08:31:00 | WARNING  | lottery_bot | ParseError for ลาว Extra: Could not extract result from https://laoextra.com/
2026-08-05 08:32:00 | INFO     | lottery_bot | ลาว Extra attempt 3/10
2026-08-05 08:32:00 | INFO     | lottery_bot.parsers | Fetching https://laoextra.com/
2026-08-05 08:32:00 | ERROR    | lottery_bot.parsers | Parser ลาว Extra failed: Could not extract result from https://laoextra.com/
2026-08-05 08:32:00 | WARNING  | lottery_bot | ParseError for ลาว Extra: Could not extract result from https://laoextra.com/
2026-08-05 08:33:00 | INFO     | lottery_bot | ลาว Extra attempt 4/10
2026-08-05 08:33:00 | INFO     | lottery_bot.parsers | Fetching https://laoextra.com/
2026-08-05 08:33:00 | ERROR    | lottery_bot.parsers | Parser ลาว Extra failed: Could not extract result from https://laoextra.com/
2026-08-05 08:33:00 | WARNING  | lottery_bot | ParseError for ลาว Extra: Could not extract result from https://laoextra.com/
2026-08-05 08:33:03 | INFO     | lottery_bot | Received signal 2 – shutting down...
2026-08-05 08:33:03 | INFO     | lottery_bot | Scheduler shut down
2026-08-05 08:34:00 | INFO     | lottery_bot | ลาว Extra attempt 5/10
2026-08-05 08:34:00 | INFO     | lottery_bot.parsers | Fetching https://laoextra.com/
2026-08-05 08:34:00 | ERROR    | lottery_bot.parsers | Parser ลาว Extra failed: Could not extract result from https://laoextra.com/
2026-08-05 08:34:00 | WARNING  | lottery_bot | ParseError for ลาว Extra: Could not extract result from https://laoextra.com/
2026-08-05 08:35:00 | INFO     | lottery_bot | ลาว Extra attempt 6/10
2026-08-05 08:35:00 | INFO     | lottery_bot.parsers | Fetching https://laoextra.com/
2026-08-05 08:35:00 | ERROR    | lottery_bot.parsers | Parser ลาว Extra failed: Could not extract result from https://laoextra.com/
2026-08-05 08:35:00 | WARNING  | lottery_bot | ParseError for ลาว Extra: Could not extract result from https://laoextra.com/
2026-08-05 08:36:00 | INFO     | lottery_bot | ลาว Extra attempt 7/10
2026-08-05 08:36:00 | INFO     | lottery_bot.parsers | Fetching https://laoextra.com/
2026-08-05 08:36:01 | ERROR    | lottery_bot.parsers | Parser ลาว Extra failed: Could not extract result from https://laoextra.com/
2026-08-05 08:36:01 | WARNING  | lottery_bot | ParseError for ลาว Extra: Could not extract result from https://laoextra.com/
2026-08-18 08:14:57 | INFO     | lottery_bot | ==================================================
2026-08-18 08:14:57 | INFO     | lottery_bot | Lottery Bot starting...
2026-08-18 08:14:57 | INFO     | lottery_bot | ==================================================
2026-08-18 08:14:57 | INFO     | lottery_bot | Database initialized at lottery_results.db
2026-08-18 08:14:57 | INFO     | lottery_bot | LineSender initialized for group C3da8f4c...
2026-08-18 08:14:57 | INFO     | lottery_bot | Loaded 27 lotteries from config.json
2026-08-18 08:14:57 | INFO     | lottery_bot | Scheduled ลาว Extra at 08:30 (Asia/Bangkok)
2026-08-18 08:14:57 | INFO     | lottery_bot | Scheduled ฮานอยอาเซียน at 09:30 (Asia/Bangkok)
2026-08-18 08:14:57 | INFO     | lottery_bot | Scheduled นิเคอิเช้า at 09:30 (Asia/Bangkok)
2026-08-18 08:14:57 | INFO     | lottery_bot | Scheduled นิเคอิเช้า VIP at 09:05 (Asia/Bangkok)
2026-08-18 08:14:57 | INFO     | lottery_bot | Scheduled จีนเช้า at 10:30 (Asia/Bangkok)
2026-08-18 08:14:57 | INFO     | lottery_bot | Scheduled จีนเช้า VIP at 10:05 (Asia/Bangkok)
2026-08-18 08:14:57 | INFO     | lottery_bot | Scheduled ลาว TV at 10:30 (Asia/Bangkok)
2026-08-18 08:14:57 | INFO     | lottery_bot | Scheduled ฮั่งเส็งเช้า at 11:06 (Asia/Bangkok)
2026-08-18 08:14:57 | INFO     | lottery_bot | Scheduled ฮั่งเส็งเช้า VIP at 10:35 (Asia/Bangkok)
2026-08-18 08:14:57 | INFO     | lottery_bot | Scheduled ฮานอย HD at 11:30 (Asia/Bangkok)
2026-08-18 08:14:57 | INFO     | lottery_bot | Scheduled ไต้หวัน VIP at 11:35 (Asia/Bangkok)
2026-08-18 08:14:57 | INFO     | lottery_bot | Scheduled ฮานอย Star at 12:30 (Asia/Bangkok)
2026-08-18 08:14:57 | INFO     | lottery_bot | Scheduled ไต้หวัน at 12:34 (Asia/Bangkok)
2026-08-18 08:14:57 | INFO     | lottery_bot | Scheduled เกาหลี VIP at 12:35 (Asia/Bangkok)
2026-08-18 08:14:57 | INFO     | lottery_bot | Scheduled นิเคอิบ่าย at 13:00 (Asia/Bangkok)
2026-08-18 08:14:57 | INFO     | lottery_bot | Scheduled นิเคอิบ่าย VIP at 13:25 (Asia/Bangkok)
2026-08-18 08:14:57 | INFO     | lottery_bot | Scheduled หุ้นเกาหลี at 13:30 (Asia/Bangkok)
2026-08-18 08:14:57 | INFO     | lottery_bot | Scheduled ลาว HD at 13:45 (Asia/Bangkok)
2026-08-18 08:14:57 | INFO     | lottery_bot | Scheduled จีนบ่าย at 14:00 (Asia/Bangkok)
2026-08-18 08:14:57 | INFO     | lottery_bot | Scheduled จีนบ่าย VIP at 14:25 (Asia/Bangkok)
2026-08-18 08:14:57 | INFO     | lottery_bot | Scheduled ฮานอย TV at 14:30 (Asia/Bangkok)
2026-08-18 08:14:57 | INFO     | lottery_bot | Scheduled ฮั่งเส็งบ่าย at 15:10 (Asia/Bangkok)
2026-08-18 08:14:57 | INFO     | lottery_bot | Scheduled ฮั่งเส็งบ่าย VIP at 15:25 (Asia/Bangkok)
2026-08-18 08:14:57 | INFO     | lottery_bot | Scheduled ลาว Star at 15:45 (Asia/Bangkok)
2026-08-18 08:14:57 | INFO     | lottery_bot | Scheduled หุ้นสิงคโปร์ at 16:25 (Asia/Bangkok)
2026-08-18 08:14:57 | INFO     | lottery_bot | Scheduled ฮานอย กาชาด at 16:30 (Asia/Bangkok)
2026-08-18 08:14:57 | INFO     | lottery_bot | Scheduled หุ้นไทยเย็น at 16:40 (Asia/Bangkok)
2026-08-18 08:14:57 | INFO     | lottery_bot | Scheduler started
2026-08-18 08:14:57 | INFO     | lottery_bot | Bot is running. Press Ctrl+C to stop.
2026-08-18 08:30:00 | INFO     | lottery_bot | === Start checking ลาว Extra (max 10 min) ===
2026-08-18 08:30:00 | INFO     | lottery_bot | ลาว Extra attempt 1/10
2026-08-18 08:30:00 | INFO     | lottery_bot.parsers | Fetching https://laoextra.com/
2026-08-18 08:30:00 | ERROR    | lottery_bot.parsers | Parser ลาว Extra failed: Could not extract result from https://laoextra.com/
2026-08-18 08:30:00 | WARNING  | lottery_bot | ParseError for ลาว Extra: Could not extract result from https://laoextra.com/
2026-08-18 08:31:00 | INFO     | lottery_bot | ลาว Extra attempt 2/10
2026-08-18 08:31:00 | INFO     | lottery_bot.parsers | Fetching https://laoextra.com/
2026-08-18 08:31:00 | ERROR    | lottery_bot.parsers | Parser ลาว Extra failed: Could not extract result from https://laoextra.com/
2026-08-18 08:31:00 | WARNING  | lottery_bot | ParseError for ลาว Extra: Could not extract result from https://laoextra.com/
2026-08-18 08:32:00 | INFO     | lottery_bot | ลาว Extra attempt 3/10
2026-08-18 08:32:00 | INFO     | lottery_bot.parsers | Fetching https://laoextra.com/
2026-08-18 08:32:00 | ERROR    | lottery_bot.parsers | Parser ลาว Extra failed: Could not extract result from https://laoextra.com/
2026-08-18 08:32:00 | WARNING  | lottery_bot | ParseError for ลาว Extra: Could not extract result from https://laoextra.com/
2026-08-18 08:33:00 | INFO     | lottery_bot | ลาว Extra attempt 4/10
2026-08-18 08:33:00 | INFO     | lottery_bot.parsers | Fetching https://laoextra.com/
2026-08-18 08:33:00 | ERROR    | lottery_bot.parsers | Parser ลาว Extra failed: Could not extract result from https://laoextra.com/
2026-08-18 08:33:00 | WARNING  | lottery_bot | ParseError for ลาว Extra: Could not extract result from https://laoextra.com/
2026-08-18 08:34:00 | INFO     | lottery_bot | ลาว Extra attempt 5/10
2026-08-18 08:34:00 | INFO     | lottery_bot.parsers | Fetching https://laoextra.com/
2026-08-18 08:34:00 | ERROR    | lottery_bot.parsers | Parser ลาว Extra failed: Could not extract result from https://laoextra.com/
2026-08-18 08:34:00 | WARNING  | lottery_bot | ParseError for ลาว Extra: Could not extract result from https://laoextra.com/
2026-08-18 08:35:00 | INFO     | lottery_bot | ลาว Extra attempt 6/10
2026-08-18 08:35:00 | INFO     | lottery_bot.parsers | Fetching https://laoextra.com/
2026-08-18 08:35:00 | ERROR    | lottery_bot.parsers | Parser ลาว Extra failed: Could not extract result from https://laoextra.com/
2026-08-18 08:35:00 | WARNING  | lottery_bot | ParseError for ลาว Extra: Could not extract result from https://laoextra.com/
2026-08-18 08:36:00 | INFO     | lottery_bot | ลาว Extra attempt 7/10
2026-08-18 08:36:00 | INFO     | lottery_bot.parsers | Fetching https://laoextra.com/
2026-08-18 08:36:00 | ERROR    | lottery_bot.parsers | Parser ลาว Extra failed: Could not extract result from https://laoextra.com/
2026-08-18 08:36:00 | WARNING  | lottery_bot | ParseError for ลาว Extra: Could not extract result from https://laoextra.com/
2026-08-18 08:37:00 | INFO     | lottery_bot | ลาว Extra attempt 8/10
2026-08-18 08:37:00 | INFO     | lottery_bot.parsers | Fetching https://laoextra.com/
2026-08-18 08:37:01 | ERROR    | lottery_bot.parsers | Parser ลาว Extra failed: Could not extract result from https://laoextra.com/
2026-08-18 08:37:01 | WARNING  | lottery_bot | ParseError for ลาว Extra: Could not extract result from https://laoextra.com/
2026-08-18 08:37:54 | INFO     | lottery_bot | Received signal 2 – shutting down...
2026-08-18 08:37:54 | INFO     | lottery_bot | Scheduler shut down
2026-08-18 08:37:54 | INFO     | lottery_bot | Received signal 2 – shutting down...
2026-08-18 08:37:55 | INFO     | lottery_bot | Received signal 2 – shutting down...
2026-08-18 08:38:13 | INFO     | lottery_bot | ==================================================
2026-08-18 08:38:13 | INFO     | lottery_bot | Lottery Bot starting...
2026-08-18 08:38:13 | INFO     | lottery_bot | ==================================================
2026-08-18 08:38:13 | INFO     | lottery_bot | Database initialized at lottery_results.db
2026-08-18 08:38:13 | INFO     | lottery_bot | LineSender initialized for group C3da8f4c...
2026-08-18 08:38:13 | INFO     | lottery_bot | Loaded 27 lotteries from config.json
2026-08-18 08:38:13 | INFO     | lottery_bot | Scheduled ลาว Extra at 08:30 (Asia/Bangkok)
2026-08-18 08:38:13 | INFO     | lottery_bot | Scheduled ฮานอยอาเซียน at 09:30 (Asia/Bangkok)
2026-08-18 08:38:13 | INFO     | lottery_bot | Scheduled นิเคอิเช้า at 09:30 (Asia/Bangkok)
2026-08-18 08:38:13 | INFO     | lottery_bot | Scheduled นิเคอิเช้า VIP at 09:05 (Asia/Bangkok)
2026-08-18 08:38:13 | INFO     | lottery_bot | Scheduled จีนเช้า at 10:30 (Asia/Bangkok)
2026-08-18 08:38:13 | INFO     | lottery_bot | Scheduled จีนเช้า VIP at 10:05 (Asia/Bangkok)
2026-08-18 08:38:13 | INFO     | lottery_bot | Scheduled ลาว TV at 10:30 (Asia/Bangkok)
2026-08-18 08:38:13 | INFO     | lottery_bot | Scheduled ฮั่งเส็งเช้า at 11:06 (Asia/Bangkok)
2026-08-18 08:38:13 | INFO     | lottery_bot | Scheduled ฮั่งเส็งเช้า VIP at 10:35 (Asia/Bangkok)
2026-08-18 08:38:13 | INFO     | lottery_bot | Scheduled ฮานอย HD at 11:30 (Asia/Bangkok)
2026-08-18 08:38:13 | INFO     | lottery_bot | Scheduled ไต้หวัน VIP at 11:35 (Asia/Bangkok)
2026-08-18 08:38:13 | INFO     | lottery_bot | Scheduled ฮานอย Star at 12:30 (Asia/Bangkok)
2026-08-18 08:38:13 | INFO     | lottery_bot | Scheduled ไต้หวัน at 12:34 (Asia/Bangkok)
2026-08-18 08:38:13 | INFO     | lottery_bot | Scheduled เกาหลี VIP at 12:35 (Asia/Bangkok)
2026-08-18 08:38:13 | INFO     | lottery_bot | Scheduled นิเคอิบ่าย at 13:00 (Asia/Bangkok)
2026-08-18 08:38:13 | INFO     | lottery_bot | Scheduled นิเคอิบ่าย VIP at 13:25 (Asia/Bangkok)
2026-08-18 08:38:13 | INFO     | lottery_bot | Scheduled หุ้นเกาหลี at 13:30 (Asia/Bangkok)
2026-08-18 08:38:13 | INFO     | lottery_bot | Scheduled ลาว HD at 13:45 (Asia/Bangkok)
2026-08-18 08:38:13 | INFO     | lottery_bot | Scheduled จีนบ่าย at 14:00 (Asia/Bangkok)
2026-08-18 08:38:13 | INFO     | lottery_bot | Scheduled จีนบ่าย VIP at 14:25 (Asia/Bangkok)
2026-08-18 08:38:13 | INFO     | lottery_bot | Scheduled ฮานอย TV at 14:30 (Asia/Bangkok)
2026-08-18 08:38:13 | INFO     | lottery_bot | Scheduled ฮั่งเส็งบ่าย at 15:10 (Asia/Bangkok)
2026-08-18 08:38:13 | INFO     | lottery_bot | Scheduled ฮั่งเส็งบ่าย VIP at 15:25 (Asia/Bangkok)
2026-08-18 08:38:13 | INFO     | lottery_bot | Scheduled ลาว Star at 15:45 (Asia/Bangkok)
2026-08-18 08:38:13 | INFO     | lottery_bot | Scheduled หุ้นสิงคโปร์ at 16:25 (Asia/Bangkok)
2026-08-18 08:38:13 | INFO     | lottery_bot | Scheduled ฮานอย กาชาด at 16:30 (Asia/Bangkok)
2026-08-18 08:38:13 | INFO     | lottery_bot | Scheduled หุ้นไทยเย็น at 16:40 (Asia/Bangkok)
2026-08-18 08:38:13 | INFO     | lottery_bot | Scheduler started
2026-08-18 08:38:13 | INFO     | lottery_bot | Bot is running. Press Ctrl+C to stop.
2026-08-18 09:05:00 | INFO     | lottery_bot | === Start checking นิเคอิเช้า VIP (max 10 min) ===
2026-08-18 09:05:00 | INFO     | lottery_bot | นิเคอิเช้า VIP attempt 1/10
2026-08-18 09:05:00 | INFO     | lottery_bot.parsers | Fetching with Playwright: https://nikkeivipstock.com
2026-08-18 09:05:04 | INFO     | lottery_bot.parsers | Parsed นิเคอิเช้า VIP → top3=225 bottom2=70
2026-08-18 09:05:04 | INFO     | lottery_bot | Prepared message:
⭐🇯🇵 นิเคอิเช้า VIP
🔺 2️⃣ 2️⃣ 5️⃣
🔻 7️⃣ 0️⃣
2026-08-18 09:05:04 | INFO     | lottery_bot | LINE message sent successfully (42 chars)
2026-08-18 09:05:04 | INFO     | lottery_bot | Saved result: นิเคอิเช้า VIP | 2026-08-18 | top3=225 bottom2=70
2026-08-18 09:05:04 | INFO     | lottery_bot | นิเคอิเช้า VIP result sent successfully – stop polling
2026-08-18 09:18:52 | INFO     | lottery_bot | Received signal 2 – shutting down...
2026-08-18 09:18:52 | INFO     | lottery_bot | Scheduler shut down
2026-08-18 09:19:05 | INFO     | lottery_bot | ==================================================
2026-08-18 09:19:05 | INFO     | lottery_bot | Lottery Bot starting...
2026-08-18 09:19:05 | INFO     | lottery_bot | ==================================================
2026-08-18 09:19:05 | INFO     | lottery_bot | Database initialized at lottery_results.db
2026-08-18 09:19:05 | INFO     | lottery_bot | LineSender initialized for group C3da8f4c...
2026-08-18 09:19:05 | INFO     | lottery_bot | Loaded 27 lotteries from config.json
2026-08-18 09:19:05 | INFO     | lottery_bot | Scheduled ลาว Extra at 08:30 (Asia/Bangkok)
2026-08-18 09:19:05 | INFO     | lottery_bot | Scheduled ฮานอยอาเซียน at 09:30 (Asia/Bangkok)
2026-08-18 09:19:05 | INFO     | lottery_bot | Scheduled นิเคอิเช้า at 09:30 (Asia/Bangkok)
2026-08-18 09:19:05 | INFO     | lottery_bot | Scheduled นิเคอิเช้า VIP at 09:05 (Asia/Bangkok)
2026-08-18 09:19:05 | INFO     | lottery_bot | Scheduled จีนเช้า at 10:30 (Asia/Bangkok)
2026-08-18 09:19:05 | INFO     | lottery_bot | Scheduled จีนเช้า VIP at 10:05 (Asia/Bangkok)
2026-08-18 09:19:05 | INFO     | lottery_bot | Scheduled ลาว TV at 10:30 (Asia/Bangkok)
2026-08-18 09:19:05 | INFO     | lottery_bot | Scheduled ฮั่งเส็งเช้า at 11:06 (Asia/Bangkok)
2026-08-18 09:19:05 | INFO     | lottery_bot | Scheduled ฮั่งเส็งเช้า VIP at 10:35 (Asia/Bangkok)
2026-08-18 09:19:05 | INFO     | lottery_bot | Scheduled ฮานอย HD at 11:30 (Asia/Bangkok)
2026-08-18 09:19:05 | INFO     | lottery_bot | Scheduled ไต้หวัน VIP at 11:35 (Asia/Bangkok)
2026-08-18 09:19:05 | INFO     | lottery_bot | Scheduled ฮานอย Star at 12:30 (Asia/Bangkok)
2026-08-18 09:19:05 | INFO     | lottery_bot | Scheduled ไต้หวัน at 12:34 (Asia/Bangkok)
2026-08-18 09:19:05 | INFO     | lottery_bot | Scheduled เกาหลี VIP at 12:35 (Asia/Bangkok)
2026-08-18 09:19:05 | INFO     | lottery_bot | Scheduled นิเคอิบ่าย at 13:00 (Asia/Bangkok)
2026-08-18 09:19:05 | INFO     | lottery_bot | Scheduled นิเคอิบ่าย VIP at 13:25 (Asia/Bangkok)
2026-08-18 09:19:05 | INFO     | lottery_bot | Scheduled หุ้นเกาหลี at 13:30 (Asia/Bangkok)
2026-08-18 09:19:05 | INFO     | lottery_bot | Scheduled ลาว HD at 13:45 (Asia/Bangkok)
2026-08-18 09:19:05 | INFO     | lottery_bot | Scheduled จีนบ่าย at 14:00 (Asia/Bangkok)
2026-08-18 09:19:05 | INFO     | lottery_bot | Scheduled จีนบ่าย VIP at 14:25 (Asia/Bangkok)
2026-08-18 09:19:05 | INFO     | lottery_bot | Scheduled ฮานอย TV at 14:30 (Asia/Bangkok)
2026-08-18 09:19:05 | INFO     | lottery_bot | Scheduled ฮั่งเส็งบ่าย at 15:10 (Asia/Bangkok)
2026-08-18 09:19:05 | INFO     | lottery_bot | Scheduled ฮั่งเส็งบ่าย VIP at 15:25 (Asia/Bangkok)
2026-08-18 09:19:05 | INFO     | lottery_bot | Scheduled ลาว Star at 15:45 (Asia/Bangkok)
2026-08-18 09:19:05 | INFO     | lottery_bot | Scheduled หุ้นสิงคโปร์ at 16:25 (Asia/Bangkok)
2026-08-18 09:19:05 | INFO     | lottery_bot | Scheduled ฮานอย กาชาด at 16:30 (Asia/Bangkok)
2026-08-18 09:19:05 | INFO     | lottery_bot | Scheduled หุ้นไทยเย็น at 16:40 (Asia/Bangkok)
2026-08-18 09:19:05 | INFO     | lottery_bot | Scheduler started
2026-08-18 09:19:05 | INFO     | lottery_bot | Bot is running. Press Ctrl+C to stop.
2026-08-18 09:30:00 | INFO     | lottery_bot | === Start checking นิเคอิเช้า (max 10 min) ===
2026-08-18 09:30:00 | INFO     | lottery_bot | นิเคอิเช้า attempt 1/10
2026-08-18 09:30:00 | INFO     | lottery_bot | === Start checking ฮานอยอาเซียน (max 10 min) ===
2026-08-18 09:30:00 | INFO     | lottery_bot | ฮานอยอาเซียน attempt 1/10
2026-08-18 09:30:00 | INFO     | lottery_bot | Opening SMLOT report page via Playwright: https://member.smlot.net/reports/reward
2026-08-18 09:30:00 | INFO     | lottery_bot | Opening SMLOT report page via Playwright: https://member.smlot.net/reports/reward
2026-08-18 09:30:03 | INFO     | lottery_bot | SMLOT requires login. Logging in with user 'bdd***'...
2026-08-18 09:30:03 | INFO     | lottery_bot | SMLOT requires login. Logging in with user 'bdd***'...
2026-08-18 09:30:07 | INFO     | lottery_bot | Successfully fetched 14 lottery results from SMLOT
2026-08-18 09:30:07 | INFO     | lottery_bot.parsers | Parsed SMLOT Reward Report → top3=510 bottom2=20
2026-08-18 09:30:07 | INFO     | lottery_bot | Prepared message:
🇯🇵 นิเคอิเช้า
🔺 5️⃣ 1️⃣ 0️⃣
🔻 2️⃣ 0️⃣
2026-08-18 09:30:08 | INFO     | lottery_bot | Successfully fetched 14 lottery results from SMLOT
2026-08-18 09:30:08 | ERROR    | lottery_bot.parsers | Parser SMLOT Reward Report failed: SMLOT parser: Result for 'ฮานอยอาเซียน' is not yet available on member.smlot.net/reports/reward
2026-08-18 09:30:08 | WARNING  | lottery_bot | ParseError for ฮานอยอาเซียน: SMLOT parser: Result for 'ฮานอยอาเซียน' is not yet available on member.smlot.net/reports/reward
2026-08-18 09:30:08 | INFO     | lottery_bot | LINE message sent successfully (37 chars)
2026-08-18 09:30:08 | INFO     | lottery_bot | Saved result: นิเคอิเช้า | 2026-08-18 | top3=510 bottom2=20
2026-08-18 09:30:08 | INFO     | lottery_bot | นิเคอิเช้า result sent successfully – stop polling
2026-08-18 09:31:08 | INFO     | lottery_bot | ฮานอยอาเซียน attempt 2/10
2026-08-18 09:31:08 | INFO     | lottery_bot | Opening SMLOT report page via Playwright: https://member.smlot.net/reports/reward
2026-08-18 09:31:15 | INFO     | lottery_bot | SMLOT requires login. Logging in with user 'bdd***'...
2026-08-18 09:31:24 | INFO     | lottery_bot | Successfully fetched 14 lottery results from SMLOT
2026-08-18 09:31:24 | ERROR    | lottery_bot.parsers | Parser SMLOT Reward Report failed: SMLOT parser: Result for 'ฮานอยอาเซียน' is not yet available on member.smlot.net/reports/reward
2026-08-18 09:31:24 | WARNING  | lottery_bot | ParseError for ฮานอยอาเซียน: SMLOT parser: Result for 'ฮานอยอาเซียน' is not yet available on member.smlot.net/reports/reward
2026-08-18 09:32:24 | INFO     | lottery_bot | ฮานอยอาเซียน attempt 3/10
2026-08-18 09:32:24 | INFO     | lottery_bot | Opening SMLOT report page via Playwright: https://member.smlot.net/reports/reward
2026-08-18 09:32:26 | INFO     | lottery_bot | SMLOT requires login. Logging in with user 'bdd***'...
2026-08-18 09:32:32 | INFO     | lottery_bot | Successfully fetched 14 lottery results from SMLOT
2026-08-18 09:32:32 | ERROR    | lottery_bot.parsers | Parser SMLOT Reward Report failed: SMLOT parser: Result for 'ฮานอยอาเซียน' is not yet available on member.smlot.net/reports/reward
2026-08-18 09:32:32 | WARNING  | lottery_bot | ParseError for ฮานอยอาเซียน: SMLOT parser: Result for 'ฮานอยอาเซียน' is not yet available on member.smlot.net/reports/reward
2026-08-18 09:33:32 | INFO     | lottery_bot | ฮานอยอาเซียน attempt 4/10
2026-08-18 09:33:32 | INFO     | lottery_bot | Opening SMLOT report page via Playwright: https://member.smlot.net/reports/reward
2026-08-18 09:33:34 | INFO     | lottery_bot | SMLOT requires login. Logging in with user 'bdd***'...
2026-08-18 09:33:38 | INFO     | lottery_bot | Successfully fetched 14 lottery results from SMLOT
2026-08-18 09:33:38 | ERROR    | lottery_bot.parsers | Parser SMLOT Reward Report failed: SMLOT parser: Result for 'ฮานอยอาเซียน' is not yet available on member.smlot.net/reports/reward
2026-08-18 09:33:38 | WARNING  | lottery_bot | ParseError for ฮานอยอาเซียน: SMLOT parser: Result for 'ฮานอยอาเซียน' is not yet available on member.smlot.net/reports/reward
2026-08-18 09:34:38 | INFO     | lottery_bot | ฮานอยอาเซียน attempt 5/10
2026-08-18 09:34:38 | INFO     | lottery_bot | Opening SMLOT report page via Playwright: https://member.smlot.net/reports/reward
2026-08-18 09:34:40 | INFO     | lottery_bot | SMLOT requires login. Logging in with user 'bdd***'...
2026-08-18 09:34:45 | INFO     | lottery_bot | Successfully fetched 15 lottery results from SMLOT
2026-08-18 09:34:45 | INFO     | lottery_bot.parsers | Parsed SMLOT Reward Report → top3=721 bottom2=41
2026-08-18 09:34:45 | INFO     | lottery_bot | Prepared message:
🇻🇳 ฮานอยอาเซียน
🔺 7️⃣ 2️⃣ 1️⃣
🔻 4️⃣ 1️⃣
2026-08-18 09:34:45 | INFO     | lottery_bot | LINE message sent successfully (39 chars)
2026-08-18 09:34:45 | INFO     | lottery_bot | Saved result: ฮานอยอาเซียน | 2026-08-18 | top3=721 bottom2=41
2026-08-18 09:34:45 | INFO     | lottery_bot | ฮานอยอาเซียน result sent successfully – stop polling
2026-08-18 09:35:28 | INFO     | lottery_bot | Received signal 2 – shutting down...
2026-08-18 09:35:28 | INFO     | lottery_bot | Scheduler shut down
2026-08-18 09:37:18 | INFO     | lottery_bot.parsers | Fetching with Playwright: https://laoextra.com
2026-08-18 09:37:21 | INFO     | lottery_bot.parsers | Parsed ลาว Extra → top3=968 bottom2=93
2026-08-18 09:37:42 | INFO     | lottery_bot | ==================================================
2026-08-18 09:37:42 | INFO     | lottery_bot | Lottery Bot starting...
2026-08-18 09:37:42 | INFO     | lottery_bot | ==================================================
2026-08-18 09:37:42 | INFO     | lottery_bot | Database initialized at lottery_results.db
2026-08-18 09:37:42 | INFO     | lottery_bot | LineSender initialized for group C3da8f4c...
2026-08-18 09:37:42 | INFO     | lottery_bot | Loaded 27 lotteries from config.json
2026-08-18 09:37:42 | INFO     | lottery_bot | Scheduled ลาว Extra at 08:30 (Asia/Bangkok)
2026-08-18 09:37:42 | INFO     | lottery_bot | Scheduled ฮานอยอาเซียน at 09:30 (Asia/Bangkok)
2026-08-18 09:37:42 | INFO     | lottery_bot | Scheduled นิเคอิเช้า at 09:30 (Asia/Bangkok)
2026-08-18 09:37:42 | INFO     | lottery_bot | Scheduled นิเคอิเช้า VIP at 09:05 (Asia/Bangkok)
2026-08-18 09:37:42 | INFO     | lottery_bot | Scheduled จีนเช้า at 10:30 (Asia/Bangkok)
2026-08-18 09:37:42 | INFO     | lottery_bot | Scheduled จีนเช้า VIP at 10:05 (Asia/Bangkok)
2026-08-18 09:37:42 | INFO     | lottery_bot | Scheduled ลาว TV at 10:30 (Asia/Bangkok)
2026-08-18 09:37:42 | INFO     | lottery_bot | Scheduled ฮั่งเส็งเช้า at 11:06 (Asia/Bangkok)
2026-08-18 09:37:42 | INFO     | lottery_bot | Scheduled ฮั่งเส็งเช้า VIP at 10:35 (Asia/Bangkok)
2026-08-18 09:37:42 | INFO     | lottery_bot | Scheduled ฮานอย HD at 11:30 (Asia/Bangkok)
2026-08-18 09:37:42 | INFO     | lottery_bot | Scheduled ไต้หวัน VIP at 11:35 (Asia/Bangkok)
2026-08-18 09:37:42 | INFO     | lottery_bot | Scheduled ฮานอย Star at 12:30 (Asia/Bangkok)
2026-08-18 09:37:42 | INFO     | lottery_bot | Scheduled ไต้หวัน at 12:34 (Asia/Bangkok)
2026-08-18 09:37:42 | INFO     | lottery_bot | Scheduled เกาหลี VIP at 12:35 (Asia/Bangkok)
2026-08-18 09:37:42 | INFO     | lottery_bot | Scheduled นิเคอิบ่าย at 13:00 (Asia/Bangkok)
2026-08-18 09:37:42 | INFO     | lottery_bot | Scheduled นิเคอิบ่าย VIP at 13:25 (Asia/Bangkok)
2026-08-18 09:37:42 | INFO     | lottery_bot | Scheduled หุ้นเกาหลี at 13:30 (Asia/Bangkok)
2026-08-18 09:37:42 | INFO     | lottery_bot | Scheduled ลาว HD at 13:45 (Asia/Bangkok)
2026-08-18 09:37:42 | INFO     | lottery_bot | Scheduled จีนบ่าย at 14:00 (Asia/Bangkok)
2026-08-18 09:37:42 | INFO     | lottery_bot | Scheduled จีนบ่าย VIP at 14:25 (Asia/Bangkok)
2026-08-18 09:37:42 | INFO     | lottery_bot | Scheduled ฮานอย TV at 14:30 (Asia/Bangkok)
2026-08-18 09:37:42 | INFO     | lottery_bot | Scheduled ฮั่งเส็งบ่าย at 15:10 (Asia/Bangkok)
2026-08-18 09:37:42 | INFO     | lottery_bot | Scheduled ฮั่งเส็งบ่าย VIP at 15:25 (Asia/Bangkok)
2026-08-18 09:37:42 | INFO     | lottery_bot | Scheduled ลาว Star at 15:45 (Asia/Bangkok)
2026-08-18 09:37:42 | INFO     | lottery_bot | Scheduled หุ้นสิงคโปร์ at 16:25 (Asia/Bangkok)
2026-08-18 09:37:42 | INFO     | lottery_bot | Scheduled ฮานอย กาชาด at 16:30 (Asia/Bangkok)
2026-08-18 09:37:42 | INFO     | lottery_bot | Scheduled หุ้นไทยเย็น at 16:40 (Asia/Bangkok)
2026-08-18 09:37:42 | INFO     | lottery_bot | Scheduler started
2026-08-18 09:37:42 | INFO     | lottery_bot | Bot is running. Press Ctrl+C to stop.
2026-08-18 10:05:00 | INFO     | lottery_bot | === Start checking จีนเช้า VIP (max 10 min) ===
2026-08-18 10:05:00 | INFO     | lottery_bot | จีนเช้า VIP attempt 1/10
2026-08-18 10:05:00 | INFO     | lottery_bot.parsers | Fetching with Playwright: https://shenzhenindex.com
2026-08-18 10:05:05 | INFO     | lottery_bot.parsers | Parsed จีนเช้า VIP → top3=753 bottom2=31
2026-08-18 10:05:05 | INFO     | lottery_bot | Prepared message:
⭐🇨🇳 จีนเช้า VIP
🔺 7️⃣ 5️⃣ 3️⃣
🔻 3️⃣ 1️⃣
2026-08-18 10:05:05 | INFO     | lottery_bot | LINE message sent successfully (39 chars)
2026-08-18 10:05:05 | INFO     | lottery_bot | Saved result: จีนเช้า VIP | 2026-08-18 | top3=753 bottom2=31
2026-08-18 10:05:05 | INFO     | lottery_bot | จีนเช้า VIP result sent successfully – stop polling
2026-08-18 10:30:00 | INFO     | lottery_bot | === Start checking ลาว TV (max 10 min) ===
2026-08-18 10:30:00 | INFO     | lottery_bot | ลาว TV attempt 1/10
2026-08-18 10:30:00 | INFO     | lottery_bot | === Start checking จีนเช้า (max 10 min) ===
2026-08-18 10:30:00 | INFO     | lottery_bot.parsers | Fetching with Playwright: https://lao-tv.com
2026-08-18 10:30:00 | INFO     | lottery_bot | จีนเช้า attempt 1/10
2026-08-18 10:30:00 | INFO     | lottery_bot.parsers | Fetching http://www.szse.cn/English/index.html
2026-08-18 10:30:00 | ERROR    | lottery_bot.parsers | Parser จีนเช้า failed: Index value too short: 14
2026-08-18 10:30:00 | WARNING  | lottery_bot | ParseError for จีนเช้า: Index value too short: 14
2026-08-18 10:30:01 | INFO     | lottery_bot.parsers | Parsed ลาว TV → top3=673 bottom2=17
2026-08-18 10:30:01 | INFO     | lottery_bot | Prepared message:
🇱🇦 ลาว TV
🔺 6️⃣ 7️⃣ 3️⃣
🔻 1️⃣ 7️⃣
2026-08-18 10:30:02 | INFO     | lottery_bot | LINE message sent successfully (33 chars)
2026-08-18 10:30:02 | INFO     | lottery_bot | Saved result: ลาว TV | 2026-08-18 | top3=673 bottom2=17
2026-08-18 10:30:02 | INFO     | lottery_bot | ลาว TV result sent successfully – stop polling
2026-08-18 10:31:00 | INFO     | lottery_bot | จีนเช้า attempt 2/10
2026-08-18 10:31:00 | INFO     | lottery_bot.parsers | Fetching http://www.szse.cn/English/index.html
2026-08-18 10:31:02 | ERROR    | lottery_bot.parsers | Parser จีนเช้า failed: Index value too short: 14
2026-08-18 10:31:02 | WARNING  | lottery_bot | ParseError for จีนเช้า: Index value too short: 14
2026-08-18 10:32:02 | INFO     | lottery_bot | จีนเช้า attempt 3/10
2026-08-18 10:32:02 | INFO     | lottery_bot.parsers | Fetching http://www.szse.cn/English/index.html
2026-08-18 10:32:03 | ERROR    | lottery_bot.parsers | Parser จีนเช้า failed: Index value too short: 14
2026-08-18 10:32:03 | WARNING  | lottery_bot | ParseError for จีนเช้า: Index value too short: 14
2026-08-18 10:32:31 | INFO     | lottery_bot.parsers | Fetching with Playwright: https://lao-tv.com
2026-08-18 10:32:33 | INFO     | lottery_bot.parsers | Parsed ลาว TV → top3=026 bottom2=69
2026-08-18 10:33:03 | INFO     | lottery_bot | จีนเช้า attempt 4/10
2026-08-18 10:33:03 | INFO     | lottery_bot.parsers | Fetching http://www.szse.cn/English/index.html
2026-08-18 10:33:04 | ERROR    | lottery_bot.parsers | Parser จีนเช้า failed: Index value too short: 14
2026-08-18 10:33:04 | WARNING  | lottery_bot | ParseError for จีนเช้า: Index value too short: 14
2026-08-18 10:34:04 | INFO     | lottery_bot | จีนเช้า attempt 5/10
2026-08-18 10:34:04 | INFO     | lottery_bot.parsers | Fetching http://www.szse.cn/English/index.html
2026-08-18 10:34:05 | ERROR    | lottery_bot.parsers | Parser จีนเช้า failed: Index value too short: 14
2026-08-18 10:34:05 | WARNING  | lottery_bot | ParseError for จีนเช้า: Index value too short: 14
2026-08-18 10:34:47 | INFO     | lottery_bot.parsers | Fetching with Playwright: https://lao-tv.com
2026-08-18 10:34:49 | INFO     | lottery_bot.parsers | Parsed ลาว TV → top3=026 bottom2=69
2026-08-18 10:35:00 | INFO     | lottery_bot | === Start checking ฮั่งเส็งเช้า VIP (max 10 min) ===
2026-08-18 10:35:00 | INFO     | lottery_bot | ฮั่งเส็งเช้า VIP attempt 1/10
2026-08-18 10:35:00 | INFO     | lottery_bot.parsers | Fetching with Playwright: https://hangsengvip.com
2026-08-18 10:35:00 | ERROR    | lottery_bot.parsers | Parser ฮั่งเส็งเช้า VIP failed: name 'logger' is not defined
2026-08-18 10:35:00 | WARNING  | lottery_bot | ฮั่งเส็งเช้า VIP attempt 1 failed: name 'logger' is not defined
2026-08-18 10:35:05 | INFO     | lottery_bot | จีนเช้า attempt 6/10
2026-08-18 10:35:05 | INFO     | lottery_bot.parsers | Fetching http://www.szse.cn/English/index.html
2026-08-18 10:35:05 | ERROR    | lottery_bot.parsers | Parser จีนเช้า failed: Index value too short: 14
2026-08-18 10:35:05 | WARNING  | lottery_bot | ParseError for จีนเช้า: Index value too short: 14
2026-08-18 10:35:22 | INFO     | lottery_bot | Received signal 2 – shutting down...
2026-08-18 10:35:22 | INFO     | lottery_bot | Scheduler shut down
2026-08-18 10:37:30 | INFO     | lottery_bot | ==================================================
2026-08-18 10:37:30 | INFO     | lottery_bot | Lottery Bot starting...
2026-08-18 10:37:30 | INFO     | lottery_bot | ==================================================
2026-08-18 10:37:30 | INFO     | lottery_bot | Database initialized at lottery_results.db
2026-08-18 10:37:30 | INFO     | lottery_bot | LineSender initialized for group C3da8f4c...
2026-08-18 10:37:30 | INFO     | lottery_bot | Loaded 27 lotteries from config.json
2026-08-18 10:37:30 | INFO     | lottery_bot | Scheduled ลาว Extra at 08:30 (Asia/Bangkok)
2026-08-18 10:37:30 | INFO     | lottery_bot | Scheduled ฮานอยอาเซียน at 09:30 (Asia/Bangkok)
2026-08-18 10:37:30 | INFO     | lottery_bot | Scheduled นิเคอิเช้า at 09:30 (Asia/Bangkok)
2026-08-18 10:37:30 | INFO     | lottery_bot | Scheduled นิเคอิเช้า VIP at 09:05 (Asia/Bangkok)
2026-08-18 10:37:30 | INFO     | lottery_bot | Scheduled จีนเช้า at 10:30 (Asia/Bangkok)
2026-08-18 10:37:30 | INFO     | lottery_bot | Scheduled จีนเช้า VIP at 10:05 (Asia/Bangkok)
2026-08-18 10:37:30 | INFO     | lottery_bot | Scheduled ลาว TV at 10:30 (Asia/Bangkok)
2026-08-18 10:37:30 | INFO     | lottery_bot | Scheduled ฮั่งเส็งเช้า at 11:06 (Asia/Bangkok)
2026-08-18 10:37:30 | INFO     | lottery_bot | Scheduled ฮั่งเส็งเช้า VIP at 10:35 (Asia/Bangkok)
2026-08-18 10:37:30 | INFO     | lottery_bot | Scheduled ฮานอย HD at 11:30 (Asia/Bangkok)
2026-08-18 10:37:30 | INFO     | lottery_bot | Scheduled ไต้หวัน VIP at 11:35 (Asia/Bangkok)
2026-08-18 10:37:30 | INFO     | lottery_bot | Scheduled ฮานอย Star at 12:30 (Asia/Bangkok)
2026-08-18 10:37:30 | INFO     | lottery_bot | Scheduled ไต้หวัน at 12:34 (Asia/Bangkok)
2026-08-18 10:37:30 | INFO     | lottery_bot | Scheduled เกาหลี VIP at 12:35 (Asia/Bangkok)
2026-08-18 10:37:30 | INFO     | lottery_bot | Scheduled นิเคอิบ่าย at 13:00 (Asia/Bangkok)
2026-08-18 10:37:30 | INFO     | lottery_bot | Scheduled นิเคอิบ่าย VIP at 13:25 (Asia/Bangkok)
2026-08-18 10:37:30 | INFO     | lottery_bot | Scheduled หุ้นเกาหลี at 13:30 (Asia/Bangkok)
2026-08-18 10:37:30 | INFO     | lottery_bot | Scheduled ลาว HD at 13:45 (Asia/Bangkok)
2026-08-18 10:37:30 | INFO     | lottery_bot | Scheduled จีนบ่าย at 14:00 (Asia/Bangkok)
2026-08-18 10:37:30 | INFO     | lottery_bot | Scheduled จีนบ่าย VIP at 14:25 (Asia/Bangkok)
2026-08-18 10:37:30 | INFO     | lottery_bot | Scheduled ฮานอย TV at 14:30 (Asia/Bangkok)
2026-08-18 10:37:30 | INFO     | lottery_bot | Scheduled ฮั่งเส็งบ่าย at 15:10 (Asia/Bangkok)
2026-08-18 10:37:30 | INFO     | lottery_bot | Scheduled ฮั่งเส็งบ่าย VIP at 15:25 (Asia/Bangkok)
2026-08-18 10:37:30 | INFO     | lottery_bot | Scheduled ลาว Star at 15:45 (Asia/Bangkok)
2026-08-18 10:37:30 | INFO     | lottery_bot | Scheduled หุ้นสิงคโปร์ at 16:25 (Asia/Bangkok)
2026-08-18 10:37:30 | INFO     | lottery_bot | Scheduled ฮานอย กาชาด at 16:30 (Asia/Bangkok)
2026-08-18 10:37:30 | INFO     | lottery_bot | Scheduled หุ้นไทยเย็น at 16:40 (Asia/Bangkok)
2026-08-18 10:37:30 | INFO     | lottery_bot | Scheduler started
2026-08-18 10:37:30 | INFO     | lottery_bot | Bot is running. Press Ctrl+C to stop.
2026-08-18 11:06:00 | INFO     | lottery_bot | === Start checking ฮั่งเส็งเช้า (max 10 min) ===
2026-08-18 11:06:00 | INFO     | lottery_bot | ฮั่งเส็งเช้า attempt 1/10
2026-08-18 11:06:00 | INFO     | lottery_bot.parsers | Fetching https://www.hsi.com.hk/eng
2026-08-18 11:06:00 | INFO     | lottery_bot.parsers | ฮั่งเส็งเช้า HTTP text indicates JS SPA (len=17), using Playwright
2026-08-18 11:06:00 | INFO     | lottery_bot.parsers | Fetching with Playwright: https://www.hsi.com.hk/eng
2026-08-18 11:06:05 | INFO     | lottery_bot.parsers | Parsed ฮั่งเส็งเช้า → top3=725 bottom2=28
2026-08-18 11:06:05 | INFO     | lottery_bot | Prepared message:
🇭🇰 ฮั่งเส็งเช้า
🔺 7️⃣ 2️⃣ 5️⃣
🔻 2️⃣ 8️⃣
2026-08-18 11:06:05 | INFO     | lottery_bot | LINE message sent successfully (39 chars)
2026-08-18 11:06:05 | INFO     | lottery_bot | Saved result: ฮั่งเส็งเช้า | 2026-08-18 | top3=725 bottom2=28
2026-08-18 11:06:05 | INFO     | lottery_bot | ฮั่งเส็งเช้า result sent successfully – stop polling
2026-08-18 11:30:00 | INFO     | lottery_bot | === Start checking ฮานอย HD (max 10 min) ===
2026-08-18 11:30:00 | INFO     | lottery_bot | ฮานอย HD attempt 1/10
2026-08-18 11:30:00 | INFO     | lottery_bot.parsers | Fetching with Playwright: https://xosohd.com
2026-08-18 11:30:03 | INFO     | lottery_bot.parsers | Parsed ฮานอย HD → top3=716 bottom2=53
2026-08-18 11:30:03 | INFO     | lottery_bot | Prepared message:
🇻🇳 ฮานอย HD
🔺 7️⃣ 1️⃣ 6️⃣
🔻 5️⃣ 3️⃣
2026-08-18 11:30:03 | INFO     | lottery_bot | LINE message sent successfully (35 chars)
2026-08-18 11:30:03 | INFO     | lottery_bot | Saved result: ฮานอย HD | 2026-08-18 | top3=716 bottom2=53
2026-08-18 11:30:03 | INFO     | lottery_bot | ฮานอย HD result sent successfully – stop polling
2026-08-18 11:34:38 | INFO     | lottery_bot | Received signal 2 – shutting down...
2026-08-18 11:34:38 | INFO     | lottery_bot | Scheduler shut down
2026-08-18 11:34:50 | INFO     | lottery_bot | ==================================================
2026-08-18 11:34:50 | INFO     | lottery_bot | Lottery Bot starting...
2026-08-18 11:34:50 | INFO     | lottery_bot | ==================================================
2026-08-18 11:34:50 | INFO     | lottery_bot | Database initialized at lottery_results.db
2026-08-18 11:34:50 | INFO     | lottery_bot | LineSender initialized for group C3da8f4c...
2026-08-18 11:34:50 | INFO     | lottery_bot | Loaded 27 lotteries from config.json
2026-08-18 11:34:50 | INFO     | lottery_bot | Scheduled ลาว Extra at 08:30 (Asia/Bangkok)
2026-08-18 11:34:50 | INFO     | lottery_bot | Scheduled ฮานอยอาเซียน at 09:30 (Asia/Bangkok)
2026-08-18 11:34:50 | INFO     | lottery_bot | Scheduled นิเคอิเช้า at 09:30 (Asia/Bangkok)
2026-08-18 11:34:50 | INFO     | lottery_bot | Scheduled นิเคอิเช้า VIP at 09:05 (Asia/Bangkok)
2026-08-18 11:34:50 | INFO     | lottery_bot | Scheduled จีนเช้า at 10:30 (Asia/Bangkok)
2026-08-18 11:34:50 | INFO     | lottery_bot | Scheduled จีนเช้า VIP at 10:05 (Asia/Bangkok)
2026-08-18 11:34:50 | INFO     | lottery_bot | Scheduled ลาว TV at 10:30 (Asia/Bangkok)
2026-08-18 11:34:50 | INFO     | lottery_bot | Scheduled ฮั่งเส็งเช้า at 11:06 (Asia/Bangkok)
2026-08-18 11:34:50 | INFO     | lottery_bot | Scheduled ฮั่งเส็งเช้า VIP at 10:35 (Asia/Bangkok)
2026-08-18 11:34:50 | INFO     | lottery_bot | Scheduled ฮานอย HD at 11:30 (Asia/Bangkok)
2026-08-18 11:34:50 | INFO     | lottery_bot | Scheduled ไต้หวัน VIP at 11:35 (Asia/Bangkok)
2026-08-18 11:34:50 | INFO     | lottery_bot | Scheduled ฮานอย Star at 12:30 (Asia/Bangkok)
2026-08-18 11:34:50 | INFO     | lottery_bot | Scheduled ไต้หวัน at 12:34 (Asia/Bangkok)
2026-08-18 11:34:50 | INFO     | lottery_bot | Scheduled เกาหลี VIP at 12:35 (Asia/Bangkok)
2026-08-18 11:34:50 | INFO     | lottery_bot | Scheduled นิเคอิบ่าย at 13:00 (Asia/Bangkok)
2026-08-18 11:34:50 | INFO     | lottery_bot | Scheduled นิเคอิบ่าย VIP at 13:25 (Asia/Bangkok)
2026-08-18 11:34:50 | INFO     | lottery_bot | Scheduled หุ้นเกาหลี at 13:30 (Asia/Bangkok)
2026-08-18 11:34:50 | INFO     | lottery_bot | Scheduled ลาว HD at 13:45 (Asia/Bangkok)
2026-08-18 11:34:50 | INFO     | lottery_bot | Scheduled จีนบ่าย at 14:00 (Asia/Bangkok)
2026-08-18 11:34:50 | INFO     | lottery_bot | Scheduled จีนบ่าย VIP at 14:25 (Asia/Bangkok)
2026-08-18 11:34:50 | INFO     | lottery_bot | Scheduled ฮานอย TV at 14:30 (Asia/Bangkok)
2026-08-18 11:34:50 | INFO     | lottery_bot | Scheduled ฮั่งเส็งบ่าย at 15:10 (Asia/Bangkok)
2026-08-18 11:34:50 | INFO     | lottery_bot | Scheduled ฮั่งเส็งบ่าย VIP at 15:25 (Asia/Bangkok)
2026-08-18 11:34:50 | INFO     | lottery_bot | Scheduled ลาว Star at 15:45 (Asia/Bangkok)
2026-08-18 11:34:50 | INFO     | lottery_bot | Scheduled หุ้นสิงคโปร์ at 16:25 (Asia/Bangkok)
2026-08-18 11:34:50 | INFO     | lottery_bot | Scheduled ฮานอย กาชาด at 16:30 (Asia/Bangkok)
2026-08-18 11:34:50 | INFO     | lottery_bot | Scheduled หุ้นไทยเย็น at 16:40 (Asia/Bangkok)
2026-08-18 11:34:50 | INFO     | lottery_bot | Scheduler started
2026-08-18 11:34:50 | INFO     | lottery_bot | Bot is running. Press Ctrl+C to stop.
2026-08-18 11:35:00 | INFO     | lottery_bot | === Start checking ไต้หวัน VIP (max 10 min) ===
2026-08-18 11:35:00 | INFO     | lottery_bot | ไต้หวัน VIP attempt 1/10
2026-08-18 11:35:00 | INFO     | lottery_bot.parsers | Fetching with Playwright: https://tsecvipindex.com
2026-08-18 11:35:04 | INFO     | lottery_bot.parsers | Parsed ไต้หวัน VIP → top3=990 bottom2=50
2026-08-18 11:35:04 | INFO     | lottery_bot | Prepared message:
⭐🇹🇼 ไต้หวัน VIP
🔺 9️⃣ 9️⃣ 0️⃣
🔻 5️⃣ 0️⃣
2026-08-18 11:35:05 | INFO     | lottery_bot | LINE message sent successfully (39 chars)
2026-08-18 11:35:05 | INFO     | lottery_bot | Saved result: ไต้หวัน VIP | 2026-08-18 | top3=990 bottom2=50
2026-08-18 11:35:05 | INFO     | lottery_bot | ไต้หวัน VIP result sent successfully – stop polling
2026-08-18 12:06:37 | INFO     | lottery_bot.parsers | Fetching with Playwright: https://tsecvipindex.com
2026-08-18 12:06:39 | INFO     | lottery_bot.parsers | Parsed ไต้หวัน VIP → top3=994 bottom2=50
2026-08-18 12:09:49 | INFO     | lottery_bot.parsers | Fetching with Playwright: https://tsecvipindex.com
2026-08-18 12:09:51 | INFO     | lottery_bot.parsers | Parsed ไต้หวัน VIP → top3=031 bottom2=32
2026-08-18 12:11:04 | INFO     | lottery_bot | Received signal 2 – shutting down...
2026-08-18 12:11:04 | INFO     | lottery_bot | Scheduler shut down
2026-08-18 12:11:08 | INFO     | lottery_bot | ==================================================
2026-08-18 12:11:08 | INFO     | lottery_bot | Lottery Bot starting...
2026-08-18 12:11:08 | INFO     | lottery_bot | ==================================================
2026-08-18 12:11:08 | INFO     | lottery_bot | Database initialized at lottery_results.db
2026-08-18 12:11:08 | INFO     | lottery_bot | LineSender initialized for group C3da8f4c...
2026-08-18 12:11:08 | INFO     | lottery_bot | Loaded 27 lotteries from config.json
2026-08-18 12:11:08 | INFO     | lottery_bot | Scheduled ลาว Extra at 08:30 (Asia/Bangkok)
2026-08-18 12:11:08 | INFO     | lottery_bot | Scheduled ฮานอยอาเซียน at 09:30 (Asia/Bangkok)
2026-08-18 12:11:08 | INFO     | lottery_bot | Scheduled นิเคอิเช้า at 09:30 (Asia/Bangkok)
2026-08-18 12:11:08 | INFO     | lottery_bot | Scheduled นิเคอิเช้า VIP at 09:05 (Asia/Bangkok)
2026-08-18 12:11:08 | INFO     | lottery_bot | Scheduled จีนเช้า at 10:30 (Asia/Bangkok)
2026-08-18 12:11:08 | INFO     | lottery_bot | Scheduled จีนเช้า VIP at 10:05 (Asia/Bangkok)
2026-08-18 12:11:08 | INFO     | lottery_bot | Scheduled ลาว TV at 10:30 (Asia/Bangkok)
2026-08-18 12:11:08 | INFO     | lottery_bot | Scheduled ฮั่งเส็งเช้า at 11:06 (Asia/Bangkok)
2026-08-18 12:11:08 | INFO     | lottery_bot | Scheduled ฮั่งเส็งเช้า VIP at 10:35 (Asia/Bangkok)
2026-08-18 12:11:08 | INFO     | lottery_bot | Scheduled ฮานอย HD at 11:30 (Asia/Bangkok)
2026-08-18 12:11:08 | INFO     | lottery_bot | Scheduled ไต้หวัน VIP at 11:35 (Asia/Bangkok)
2026-08-18 12:11:08 | INFO     | lottery_bot | Scheduled ฮานอย Star at 12:30 (Asia/Bangkok)
2026-08-18 12:11:08 | INFO     | lottery_bot | Scheduled ไต้หวัน at 12:34 (Asia/Bangkok)
2026-08-18 12:11:08 | INFO     | lottery_bot | Scheduled เกาหลี VIP at 12:35 (Asia/Bangkok)
2026-08-18 12:11:08 | INFO     | lottery_bot | Scheduled นิเคอิบ่าย at 13:00 (Asia/Bangkok)
2026-08-18 12:11:08 | INFO     | lottery_bot | Scheduled นิเคอิบ่าย VIP at 13:25 (Asia/Bangkok)
2026-08-18 12:11:08 | INFO     | lottery_bot | Scheduled หุ้นเกาหลี at 13:30 (Asia/Bangkok)
2026-08-18 12:11:08 | INFO     | lottery_bot | Scheduled ลาว HD at 13:45 (Asia/Bangkok)
2026-08-18 12:11:08 | INFO     | lottery_bot | Scheduled จีนบ่าย at 14:00 (Asia/Bangkok)
2026-08-18 12:11:08 | INFO     | lottery_bot | Scheduled จีนบ่าย VIP at 14:25 (Asia/Bangkok)
2026-08-18 12:11:08 | INFO     | lottery_bot | Scheduled ฮานอย TV at 14:30 (Asia/Bangkok)
2026-08-18 12:11:08 | INFO     | lottery_bot | Scheduled ฮั่งเส็งบ่าย at 15:10 (Asia/Bangkok)
2026-08-18 12:11:08 | INFO     | lottery_bot | Scheduled ฮั่งเส็งบ่าย VIP at 15:25 (Asia/Bangkok)
2026-08-18 12:11:08 | INFO     | lottery_bot | Scheduled ลาว Star at 15:45 (Asia/Bangkok)
2026-08-18 12:11:08 | INFO     | lottery_bot | Scheduled หุ้นสิงคโปร์ at 16:25 (Asia/Bangkok)
2026-08-18 12:11:08 | INFO     | lottery_bot | Scheduled ฮานอย กาชาด at 16:30 (Asia/Bangkok)
2026-08-18 12:11:08 | INFO     | lottery_bot | Scheduled หุ้นไทยเย็น at 16:40 (Asia/Bangkok)
2026-08-18 12:11:08 | INFO     | lottery_bot | Scheduler started
2026-08-18 12:11:08 | INFO     | lottery_bot | Bot is running. Press Ctrl+C to stop.
2026-08-18 12:30:00 | INFO     | lottery_bot | === Start checking ฮานอย Star (max 10 min) ===
2026-08-18 12:30:00 | INFO     | lottery_bot | ฮานอย Star attempt 1/10
2026-08-18 12:30:00 | INFO     | lottery_bot.parsers | Fetching with Playwright: https://minhngocstar.com
2026-08-18 12:30:02 | INFO     | lottery_bot.parsers | Parsed ฮานอย Star → top3=208 bottom2=90
2026-08-18 12:30:02 | INFO     | lottery_bot | Prepared message:
🇻🇳 ฮานอย Star
🔺 2️⃣ 0️⃣ 8️⃣
🔻 9️⃣ 0️⃣
2026-08-18 12:30:02 | INFO     | lottery_bot | LINE message sent successfully (37 chars)
2026-08-18 12:30:03 | INFO     | lottery_bot | Saved result: ฮานอย Star | 2026-08-18 | top3=208 bottom2=90
2026-08-18 12:30:03 | INFO     | lottery_bot | ฮานอย Star result sent successfully – stop polling
2026-08-18 12:34:00 | INFO     | lottery_bot | === Start checking ไต้หวัน (max 10 min) ===
2026-08-18 12:34:00 | INFO     | lottery_bot | ไต้หวัน attempt 1/10
2026-08-18 12:34:00 | INFO     | lottery_bot.parsers | Fetching https://www.twse.com.tw/en/
2026-08-18 12:34:00 | INFO     | lottery_bot.parsers | ไต้หวัน HTTP text indicates JS SPA (len=15), using Playwright
2026-08-18 12:34:00 | INFO     | lottery_bot.parsers | Fetching with Playwright: https://www.twse.com.tw/en/
2026-08-18 12:34:08 | INFO     | lottery_bot.parsers | Parsed ไต้หวัน → top3=764 bottom2=25
2026-08-18 12:34:08 | INFO     | lottery_bot | Prepared message:
🇹🇼 ไต้หวัน
🔺 7️⃣ 6️⃣ 4️⃣
🔻 2️⃣ 5️⃣
2026-08-18 12:34:08 | INFO     | lottery_bot | LINE message sent successfully (34 chars)
2026-08-18 12:34:08 | INFO     | lottery_bot | Saved result: ไต้หวัน | 2026-08-18 | top3=764 bottom2=25
2026-08-18 12:34:08 | INFO     | lottery_bot | ไต้หวัน result sent successfully – stop polling
2026-08-18 12:35:00 | INFO     | lottery_bot | === Start checking เกาหลี VIP (max 10 min) ===
2026-08-18 12:35:00 | INFO     | lottery_bot | เกาหลี VIP attempt 1/10
2026-08-18 12:35:00 | INFO     | lottery_bot.parsers | Fetching with Playwright: https://ktopvipindex.com
2026-08-18 12:35:03 | INFO     | lottery_bot.parsers | Parsed เกาหลี VIP → top3=711 bottom2=14
2026-08-18 12:35:03 | INFO     | lottery_bot | Prepared message:
⭐🇰🇷 เกาหลี VIP
🔺 7️⃣ 1️⃣ 1️⃣
🔻 1️⃣ 4️⃣
2026-08-18 12:35:03 | INFO     | lottery_bot | LINE message sent successfully (38 chars)
2026-08-18 12:35:03 | INFO     | lottery_bot | Saved result: เกาหลี VIP | 2026-08-18 | top3=711 bottom2=14
2026-08-18 12:35:03 | INFO     | lottery_bot | เกาหลี VIP result sent successfully – stop polling
2026-08-18 13:00:00 | INFO     | lottery_bot | === Start checking นิเคอิบ่าย (max 10 min) ===
2026-08-18 13:00:00 | INFO     | lottery_bot | นิเคอิบ่าย attempt 1/10
2026-08-18 13:00:00 | INFO     | lottery_bot.parsers | Fetching https://indexes.nikkei.co.jp/en/nkave
2026-08-18 13:00:00 | INFO     | lottery_bot.parsers | Parsed นิเคอิบ่าย → top3=045 bottom2=80
2026-08-18 13:00:00 | INFO     | lottery_bot | Prepared message:
🇯🇵 นิเคอิบ่าย
🔺 0️⃣ 4️⃣ 5️⃣
🔻 8️⃣ 0️⃣
2026-08-18 13:00:00 | INFO     | lottery_bot | LINE message sent successfully (37 chars)
2026-08-18 13:00:00 | INFO     | lottery_bot | Saved result: นิเคอิบ่าย | 2026-08-18 | top3=045 bottom2=80
2026-08-18 13:00:00 | INFO     | lottery_bot | นิเคอิบ่าย result sent successfully – stop polling
2026-08-18 13:05:08 | INFO     | lottery_bot | Received signal 2 – shutting down...
2026-08-18 13:05:08 | INFO     | lottery_bot | Scheduler shut down
2026-08-18 13:05:08 | INFO     | lottery_bot | Received signal 2 – shutting down...
2026-08-18 13:05:46 | INFO     | lottery_bot | ==================================================
2026-08-18 13:05:46 | INFO     | lottery_bot | Lottery Bot starting...
2026-08-18 13:05:46 | INFO     | lottery_bot | ==================================================
2026-08-18 13:05:46 | INFO     | lottery_bot | Database initialized at lottery_results.db
2026-08-18 13:05:46 | INFO     | lottery_bot | LineSender initialized for group C3da8f4c...
2026-08-18 13:05:46 | INFO     | lottery_bot | Loaded 27 lotteries from config.json
2026-08-18 13:05:46 | INFO     | lottery_bot | Scheduled ลาว Extra at 08:30 (Asia/Bangkok)
2026-08-18 13:05:46 | INFO     | lottery_bot | Scheduled ฮานอยอาเซียน at 09:30 (Asia/Bangkok)
2026-08-18 13:05:46 | INFO     | lottery_bot | Scheduled นิเคอิเช้า at 09:30 (Asia/Bangkok)
2026-08-18 13:05:46 | INFO     | lottery_bot | Scheduled นิเคอิเช้า VIP at 09:05 (Asia/Bangkok)
2026-08-18 13:05:46 | INFO     | lottery_bot | Scheduled จีนเช้า at 10:30 (Asia/Bangkok)
2026-08-18 13:05:46 | INFO     | lottery_bot | Scheduled จีนเช้า VIP at 10:05 (Asia/Bangkok)
2026-08-18 13:05:46 | INFO     | lottery_bot | Scheduled ลาว TV at 10:30 (Asia/Bangkok)
2026-08-18 13:05:46 | INFO     | lottery_bot | Scheduled ฮั่งเส็งเช้า at 11:05 (Asia/Bangkok)
2026-08-18 13:05:46 | INFO     | lottery_bot | Scheduled ฮั่งเส็งเช้า VIP at 10:35 (Asia/Bangkok)
2026-08-18 13:05:46 | INFO     | lottery_bot | Scheduled ฮานอย HD at 11:30 (Asia/Bangkok)
2026-08-18 13:05:46 | INFO     | lottery_bot | Scheduled ไต้หวัน VIP at 11:35 (Asia/Bangkok)
2026-08-18 13:05:46 | INFO     | lottery_bot | Scheduled ฮานอย Star at 12:30 (Asia/Bangkok)
2026-08-18 13:05:46 | INFO     | lottery_bot | Scheduled ไต้หวัน at 12:35 (Asia/Bangkok)
2026-08-18 13:05:46 | INFO     | lottery_bot | Scheduled เกาหลี VIP at 12:35 (Asia/Bangkok)
2026-08-18 13:05:46 | INFO     | lottery_bot | Scheduled นิเคอิบ่าย at 13:30 (Asia/Bangkok)
2026-08-18 13:05:46 | INFO     | lottery_bot | Scheduled นิเคอิบ่าย VIP at 13:25 (Asia/Bangkok)
2026-08-18 13:05:46 | INFO     | lottery_bot | Scheduled หุ้นเกาหลี at 13:30 (Asia/Bangkok)
2026-08-18 13:05:46 | INFO     | lottery_bot | Scheduled ลาว HD at 13:45 (Asia/Bangkok)
2026-08-18 13:05:46 | INFO     | lottery_bot | Scheduled จีนบ่าย at 14:00 (Asia/Bangkok)
2026-08-18 13:05:46 | INFO     | lottery_bot | Scheduled จีนบ่าย VIP at 14:25 (Asia/Bangkok)
2026-08-18 13:05:46 | INFO     | lottery_bot | Scheduled ฮานอย TV at 14:30 (Asia/Bangkok)
2026-08-18 13:05:46 | INFO     | lottery_bot | Scheduled ฮั่งเส็งบ่าย at 15:10 (Asia/Bangkok)
2026-08-18 13:05:46 | INFO     | lottery_bot | Scheduled ฮั่งเส็งบ่าย VIP at 15:25 (Asia/Bangkok)
2026-08-18 13:05:46 | INFO     | lottery_bot | Scheduled ลาว Star at 15:45 (Asia/Bangkok)
2026-08-18 13:05:46 | INFO     | lottery_bot | Scheduled หุ้นสิงคโปร์ at 16:25 (Asia/Bangkok)
2026-08-18 13:05:46 | INFO     | lottery_bot | Scheduled ฮานอย กาชาด at 16:30 (Asia/Bangkok)
2026-08-18 13:05:46 | INFO     | lottery_bot | Scheduled หุ้นไทยเย็น at 16:45 (Asia/Bangkok)
2026-08-18 13:05:46 | INFO     | lottery_bot | Scheduler started
2026-08-18 13:05:46 | INFO     | lottery_bot | Bot is running. Press Ctrl+C to stop.
2026-08-18 13:25:00 | INFO     | lottery_bot | === Start checking นิเคอิบ่าย VIP (max 10 min) ===
2026-08-18 13:25:00 | INFO     | lottery_bot | นิเคอิบ่าย VIP attempt 1/10
2026-08-18 13:25:00 | INFO     | lottery_bot.parsers | Fetching with Playwright: https://nikkeivipstock.com
2026-08-18 13:25:05 | INFO     | lottery_bot.parsers | Parsed นิเคอิบ่าย VIP → top3=225 bottom2=70
2026-08-18 13:25:05 | INFO     | lottery_bot | Prepared message:
⭐🇯🇵 นิเคอิบ่าย VIP
🔺 2️⃣ 2️⃣ 5️⃣
🔻 7️⃣ 0️⃣
2026-08-18 13:25:05 | INFO     | lottery_bot | LINE message sent successfully (42 chars)
2026-08-18 13:25:06 | INFO     | lottery_bot | Saved result: นิเคอิบ่าย VIP | 2026-08-18 | top3=225 bottom2=70
2026-08-18 13:25:06 | INFO     | lottery_bot | นิเคอิบ่าย VIP result sent successfully – stop polling
2026-08-18 13:30:00 | INFO     | lottery_bot | นิเคอิบ่าย already sent today – skip
2026-08-18 13:30:00 | INFO     | lottery_bot | === Start checking หุ้นเกาหลี (max 10 min) ===
2026-08-18 13:30:00 | INFO     | lottery_bot | หุ้นเกาหลี attempt 1/10
2026-08-18 13:30:00 | INFO     | lottery_bot.parsers | Fetching http://global.krx.co.kr/main/main.jsp
2026-08-18 13:30:00 | ERROR    | lottery_bot.parsers | Parser หุ้นเกาหลี failed: หุ้นเกาหลี: Index value too short or pending: 200
2026-08-18 13:30:00 | WARNING  | lottery_bot | ParseError for หุ้นเกาหลี: หุ้นเกาหลี: Index value too short or pending: 200
2026-08-18 13:31:00 | INFO     | lottery_bot | หุ้นเกาหลี attempt 2/10
2026-08-18 13:31:00 | INFO     | lottery_bot.parsers | Fetching http://global.krx.co.kr/main/main.jsp
2026-08-18 13:31:02 | ERROR    | lottery_bot.parsers | Parser หุ้นเกาหลี failed: หุ้นเกาหลี: Index value too short or pending: 200
2026-08-18 13:31:02 | WARNING  | lottery_bot | ParseError for หุ้นเกาหลี: หุ้นเกาหลี: Index value too short or pending: 200
2026-08-18 13:32:02 | INFO     | lottery_bot | หุ้นเกาหลี attempt 3/10
2026-08-18 13:32:02 | INFO     | lottery_bot.parsers | Fetching http://global.krx.co.kr/main/main.jsp
2026-08-18 13:32:03 | ERROR    | lottery_bot.parsers | Parser หุ้นเกาหลี failed: หุ้นเกาหลี: Index value too short or pending: 200
2026-08-18 13:32:03 | WARNING  | lottery_bot | ParseError for หุ้นเกาหลี: หุ้นเกาหลี: Index value too short or pending: 200
2026-08-18 13:33:03 | INFO     | lottery_bot | หุ้นเกาหลี attempt 4/10
2026-08-18 13:33:03 | INFO     | lottery_bot.parsers | Fetching http://global.krx.co.kr/main/main.jsp
2026-08-18 13:33:04 | ERROR    | lottery_bot.parsers | Parser หุ้นเกาหลี failed: หุ้นเกาหลี: Index value too short or pending: 200
2026-08-18 13:33:04 | WARNING  | lottery_bot | ParseError for หุ้นเกาหลี: หุ้นเกาหลี: Index value too short or pending: 200
2026-08-18 13:34:04 | INFO     | lottery_bot | หุ้นเกาหลี attempt 5/10
2026-08-18 13:34:04 | INFO     | lottery_bot.parsers | Fetching http://global.krx.co.kr/main/main.jsp
2026-08-18 13:34:05 | ERROR    | lottery_bot.parsers | Parser หุ้นเกาหลี failed: หุ้นเกาหลี: Index value too short or pending: 200
2026-08-18 13:34:05 | WARNING  | lottery_bot | ParseError for หุ้นเกาหลี: หุ้นเกาหลี: Index value too short or pending: 200
2026-08-18 13:34:06 | INFO     | lottery_bot | Opening SMLOT report page via Playwright: https://member.smlot.net/reports/reward
2026-08-18 13:34:09 | INFO     | lottery_bot | SMLOT requires login. Logging in with user 'bdd***'...
2026-08-18 13:34:13 | INFO     | lottery_bot | Successfully fetched 39 lottery results from SMLOT
2026-08-18 13:34:47 | INFO     | lottery_bot | Opening SMLOT report page via Playwright: https://member.smlot.net/reports/reward
2026-08-18 13:34:49 | INFO     | lottery_bot | SMLOT requires login. Logging in with user 'bdd***'...
2026-08-18 13:34:54 | INFO     | lottery_bot | Successfully fetched 39 lottery results from SMLOT
2026-08-18 13:35:05 | INFO     | lottery_bot | หุ้นเกาหลี attempt 6/10
2026-08-18 13:35:05 | INFO     | lottery_bot.parsers | Fetching http://global.krx.co.kr/main/main.jsp
2026-08-18 13:35:06 | ERROR    | lottery_bot.parsers | Parser หุ้นเกาหลี failed: หุ้นเกาหลี: Index value too short or pending: 200
2026-08-18 13:35:06 | WARNING  | lottery_bot | ParseError for หุ้นเกาหลี: หุ้นเกาหลี: Index value too short or pending: 200
2026-08-18 13:35:49 | INFO     | lottery_bot | Received signal 2 – shutting down...
2026-08-18 13:35:49 | INFO     | lottery_bot | Scheduler shut down
2026-08-18 13:35:57 | INFO     | lottery_bot | Opening SMLOT report page via Playwright: https://member.smlot.net/reports/reward
2026-08-18 13:36:00 | INFO     | lottery_bot | SMLOT requires login. Logging in with user 'bdd***'...
2026-08-18 13:36:05 | INFO     | lottery_bot | Successfully fetched 39 lottery results from SMLOT
2026-08-18 13:36:06 | INFO     | lottery_bot | หุ้นเกาหลี attempt 7/10
2026-08-18 13:36:06 | INFO     | lottery_bot.parsers | Fetching http://global.krx.co.kr/main/main.jsp
2026-08-18 13:36:07 | ERROR    | lottery_bot.parsers | Parser หุ้นเกาหลี failed: หุ้นเกาหลี: Index value too short or pending: 200
2026-08-18 13:36:07 | WARNING  | lottery_bot | ParseError for หุ้นเกาหลี: หุ้นเกาหลี: Index value too short or pending: 200
2026-08-18 13:36:14 | INFO     | lottery_bot | Opening SMLOT report page via Playwright: https://member.smlot.net/reports/reward
2026-08-18 13:36:16 | INFO     | lottery_bot | SMLOT requires login. Logging in with user 'bdd***'...
2026-08-18 13:36:20 | INFO     | lottery_bot | Successfully fetched 39 lottery results from SMLOT
2026-08-18 13:36:42 | INFO     | lottery_bot | Opening SMLOT report page via Playwright: https://member.smlot.net/reports/reward
2026-08-18 13:36:44 | INFO     | lottery_bot | SMLOT requires login. Logging in with user 'bdd***'...
2026-08-18 13:36:49 | INFO     | lottery_bot | Successfully fetched 39 lottery results from SMLOT
2026-08-18 13:37:07 | INFO     | lottery_bot | หุ้นเกาหลี attempt 8/10
2026-08-18 13:37:07 | INFO     | lottery_bot.parsers | Fetching http://global.krx.co.kr/main/main.jsp
2026-08-18 13:37:08 | ERROR    | lottery_bot.parsers | Parser หุ้นเกาหลี failed: หุ้นเกาหลี: Index value too short or pending: 200
2026-08-18 13:37:08 | WARNING  | lottery_bot | ParseError for หุ้นเกาหลี: หุ้นเกาหลี: Index value too short or pending: 200
2026-08-18 13:38:08 | INFO     | lottery_bot | หุ้นเกาหลี attempt 9/10
2026-08-18 13:38:08 | INFO     | lottery_bot.parsers | Fetching http://global.krx.co.kr/main/main.jsp
2026-08-18 13:38:09 | ERROR    | lottery_bot.parsers | Parser หุ้นเกาหลี failed: หุ้นเกาหลี: Index value too short or pending: 200
2026-08-18 13:38:09 | WARNING  | lottery_bot | ParseError for หุ้นเกาหลี: หุ้นเกาหลี: Index value too short or pending: 200
2026-08-18 13:39:09 | INFO     | lottery_bot | หุ้นเกาหลี attempt 10/10
2026-08-18 13:39:09 | INFO     | lottery_bot.parsers | Fetching http://global.krx.co.kr/main/main.jsp
2026-08-18 13:39:10 | ERROR    | lottery_bot.parsers | Parser หุ้นเกาหลี failed: หุ้นเกาหลี: Index value too short or pending: 200
2026-08-18 13:39:10 | WARNING  | lottery_bot | ParseError for หุ้นเกาหลี: หุ้นเกาหลี: Index value too short or pending: 200
2026-08-18 13:39:10 | ERROR    | lottery_bot | หุ้นเกาหลี: no result after 10 attempts – give up until tomorrow
2026-08-18 13:39:10 | INFO     | lottery_bot | Received signal 2 – shutting down...
2026-08-18 13:42:01 | INFO     | lottery_bot | ==================================================
2026-08-18 13:42:01 | INFO     | lottery_bot | Lottery Bot starting...
2026-08-18 13:42:01 | INFO     | lottery_bot | ==================================================
2026-08-18 13:42:01 | INFO     | lottery_bot | Database initialized at lottery_results.db
2026-08-18 13:42:01 | INFO     | lottery_bot | LineSender initialized for group C3da8f4c...
2026-08-18 13:42:01 | INFO     | lottery_bot | Loaded 27 lotteries from config.json
2026-08-18 13:42:01 | INFO     | lottery_bot | Scheduled ลาว Extra at 08:30 (Asia/Bangkok)
2026-08-18 13:42:01 | INFO     | lottery_bot | Scheduled ฮานอยอาเซียน at 09:30 (Asia/Bangkok)
2026-08-18 13:42:01 | INFO     | lottery_bot | Scheduled นิเคอิเช้า at 09:30 (Asia/Bangkok)
2026-08-18 13:42:01 | INFO     | lottery_bot | Scheduled นิเคอิเช้า VIP at 09:05 (Asia/Bangkok)
2026-08-18 13:42:01 | INFO     | lottery_bot | Scheduled จีนเช้า at 10:30 (Asia/Bangkok)
2026-08-18 13:42:01 | INFO     | lottery_bot | Scheduled จีนเช้า VIP at 10:05 (Asia/Bangkok)
2026-08-18 13:42:01 | INFO     | lottery_bot | Scheduled ลาว TV at 10:30 (Asia/Bangkok)
2026-08-18 13:42:01 | INFO     | lottery_bot | Scheduled ฮั่งเส็งเช้า at 11:05 (Asia/Bangkok)
2026-08-18 13:42:01 | INFO     | lottery_bot | Scheduled ฮั่งเส็งเช้า VIP at 10:35 (Asia/Bangkok)
2026-08-18 13:42:01 | INFO     | lottery_bot | Scheduled ฮานอย HD at 11:30 (Asia/Bangkok)
2026-08-18 13:42:01 | INFO     | lottery_bot | Scheduled ไต้หวัน VIP at 11:35 (Asia/Bangkok)
2026-08-18 13:42:01 | INFO     | lottery_bot | Scheduled ฮานอย Star at 12:30 (Asia/Bangkok)
2026-08-18 13:42:01 | INFO     | lottery_bot | Scheduled ไต้หวัน at 12:35 (Asia/Bangkok)
2026-08-18 13:42:01 | INFO     | lottery_bot | Scheduled เกาหลี VIP at 12:35 (Asia/Bangkok)
2026-08-18 13:42:01 | INFO     | lottery_bot | Scheduled นิเคอิบ่าย at 13:30 (Asia/Bangkok)
2026-08-18 13:42:01 | INFO     | lottery_bot | Scheduled นิเคอิบ่าย VIP at 13:25 (Asia/Bangkok)
2026-08-18 13:42:01 | INFO     | lottery_bot | Scheduled หุ้นเกาหลี at 13:30 (Asia/Bangkok)
2026-08-18 13:42:01 | INFO     | lottery_bot | Scheduled ลาว HD at 13:45 (Asia/Bangkok)
2026-08-18 13:42:01 | INFO     | lottery_bot | Scheduled จีนบ่าย at 14:00 (Asia/Bangkok)
2026-08-18 13:42:01 | INFO     | lottery_bot | Scheduled จีนบ่าย VIP at 14:25 (Asia/Bangkok)
2026-08-18 13:42:01 | INFO     | lottery_bot | Scheduled ฮานอย TV at 14:30 (Asia/Bangkok)
2026-08-18 13:42:01 | INFO     | lottery_bot | Scheduled ฮั่งเส็งบ่าย at 15:10 (Asia/Bangkok)
2026-08-18 13:42:01 | INFO     | lottery_bot | Scheduled ฮั่งเส็งบ่าย VIP at 15:25 (Asia/Bangkok)
2026-08-18 13:42:01 | INFO     | lottery_bot | Scheduled ลาว Star at 15:45 (Asia/Bangkok)
2026-08-18 13:42:01 | INFO     | lottery_bot | Scheduled หุ้นสิงคโปร์ at 16:25 (Asia/Bangkok)
2026-08-18 13:42:01 | INFO     | lottery_bot | Scheduled ฮานอย กาชาด at 16:30 (Asia/Bangkok)
2026-08-18 13:42:01 | INFO     | lottery_bot | Scheduled หุ้นไทยเย็น at 16:45 (Asia/Bangkok)
2026-08-18 13:42:01 | INFO     | lottery_bot | Scheduler started
2026-08-18 13:42:01 | INFO     | lottery_bot | Checking pending lotteries due today (Current time: 13:42)...
2026-08-18 13:42:01 | INFO     | lottery_bot | Lottery 'ลาว Extra' (due at 08:30) has not been sent today. Checking now...
2026-08-18 13:42:01 | INFO     | lottery_bot | === Start checking ลาว Extra (polling up to 30 min) ===
2026-08-18 13:42:01 | INFO     | lottery_bot | ลาว Extra attempt 1/30 (waiting for site to update)...
2026-08-18 13:42:01 | INFO     | lottery_bot | Lottery 'จีนเช้า' (due at 10:30) has not been sent today. Checking now...
2026-08-18 13:42:01 | INFO     | lottery_bot | === Start checking จีนเช้า (polling up to 30 min) ===
2026-08-18 13:42:01 | INFO     | lottery_bot | จีนเช้า attempt 1/30 (waiting for site to update)...
2026-08-18 13:42:01 | INFO     | lottery_bot | Lottery 'ฮั่งเส็งเช้า VIP' (due at 10:35) has not been sent today. Checking now...
2026-08-18 13:42:01 | INFO     | lottery_bot | === Start checking ฮั่งเส็งเช้า VIP (polling up to 30 min) ===
2026-08-18 13:42:01 | INFO     | lottery_bot | ฮั่งเส็งเช้า VIP attempt 1/30 (waiting for site to update)...
2026-08-18 13:42:01 | INFO     | lottery_bot | Opening SMLOT report page via Playwright: https://member.smlot.net/reports/reward
2026-08-18 13:42:01 | INFO     | lottery_bot | Opening SMLOT report page via Playwright: https://member.smlot.net/reports/reward
2026-08-18 13:42:01 | INFO     | lottery_bot | Opening SMLOT report page via Playwright: https://member.smlot.net/reports/reward
2026-08-18 13:42:01 | INFO     | lottery_bot | Lottery 'หุ้นเกาหลี' (due at 13:30) has not been sent today. Checking now...
2026-08-18 13:42:01 | INFO     | lottery_bot | Bot is running. Press Ctrl+C to stop.
2026-08-18 13:42:01 | INFO     | lottery_bot | === Start checking หุ้นเกาหลี (polling up to 30 min) ===
2026-08-18 13:42:01 | INFO     | lottery_bot | หุ้นเกาหลี attempt 1/30 (waiting for site to update)...
2026-08-18 13:42:01 | INFO     | lottery_bot | Opening SMLOT report page via Playwright: https://member.smlot.net/reports/reward
2026-08-18 13:42:06 | INFO     | lottery_bot | SMLOT requires login. Logging in with user 'bdd***'...
2026-08-18 13:42:08 | INFO     | lottery_bot | SMLOT requires login. Logging in with user 'bdd***'...
2026-08-18 13:42:08 | INFO     | lottery_bot | SMLOT requires login. Logging in with user 'bdd***'...
2026-08-18 13:42:09 | INFO     | lottery_bot | SMLOT requires login. Logging in with user 'bdd***'...
2026-08-18 13:42:17 | INFO     | lottery_bot | Successfully fetched 39 lottery results from SMLOT
2026-08-18 13:42:17 | INFO     | lottery_bot.parsers | Parsed SMLOT Reward Report → top3=657 bottom2=76
2026-08-18 13:42:17 | INFO     | lottery_bot | Prepared message:
⭐🇭🇰 ฮั่งเส็งเช้า VIP
🔺 6️⃣ 5️⃣ 7️⃣
🔻 7️⃣ 6️⃣
2026-08-18 13:42:17 | INFO     | lottery_bot | LINE message sent successfully (44 chars)
2026-08-18 13:42:17 | INFO     | lottery_bot | Saved result: ฮั่งเส็งเช้า VIP | 2026-08-18 | top3=657 bottom2=76
2026-08-18 13:42:17 | INFO     | lottery_bot | ฮั่งเส็งเช้า VIP result sent successfully – stop polling
2026-08-18 13:42:18 | INFO     | lottery_bot | Successfully fetched 39 lottery results from SMLOT
2026-08-18 13:42:18 | INFO     | lottery_bot.parsers | Parsed SMLOT Reward Report → top3=345 bottom2=82
2026-08-18 13:42:18 | INFO     | lottery_bot | Prepared message:
🇨🇳 จีนเช้า
🔺 3️⃣ 4️⃣ 5️⃣
🔻 8️⃣ 2️⃣
2026-08-18 13:42:18 | INFO     | lottery_bot | Successfully fetched 39 lottery results from SMLOT
2026-08-18 13:42:18 | INFO     | lottery_bot.parsers | Parsed SMLOT Reward Report → top3=968 bottom2=93
2026-08-18 13:42:18 | INFO     | lottery_bot | Prepared message:
🇱🇦 ลาว Extra
🔺 9️⃣ 6️⃣ 8️⃣
🔻 9️⃣ 3️⃣
2026-08-18 13:42:18 | INFO     | lottery_bot | LINE message sent successfully (34 chars)
2026-08-18 13:42:18 | INFO     | lottery_bot | LINE message sent successfully (36 chars)
2026-08-18 13:42:19 | INFO     | lottery_bot | Saved result: จีนเช้า | 2026-08-18 | top3=345 bottom2=82
2026-08-18 13:42:19 | INFO     | lottery_bot | จีนเช้า result sent successfully – stop polling
2026-08-18 13:42:19 | INFO     | lottery_bot | Saved result: ลาว Extra | 2026-08-18 | top3=968 bottom2=93
2026-08-18 13:42:19 | INFO     | lottery_bot | ลาว Extra result sent successfully – stop polling
2026-08-18 13:42:30 | ERROR    | lottery_bot.parsers | Parser SMLOT Reward Report failed: Page.wait_for_selector: Timeout 15000ms exceeded.
Call log:
  - waiting for locator("table, tr") to be visible

2026-08-18 13:42:30 | WARNING  | lottery_bot | หุ้นเกาหลี attempt 1 failed: Page.wait_for_selector: Timeout 15000ms exceeded.
Call log:
  - waiting for locator("table, tr") to be visible

2026-08-18 13:43:30 | INFO     | lottery_bot | หุ้นเกาหลี attempt 2/30 (waiting for site to update)...
2026-08-18 13:43:30 | INFO     | lottery_bot | Opening SMLOT report page via Playwright: https://member.smlot.net/reports/reward
2026-08-18 13:43:32 | INFO     | lottery_bot | SMLOT requires login. Logging in with user 'bdd***'...
2026-08-18 13:43:32 | INFO     | lottery_bot | Database initialized at lottery_results.db
2026-08-18 13:43:32 | INFO     | lottery_bot | LineSender initialized for group C3da8f4c...
2026-08-18 13:43:32 | INFO     | lottery_bot | Loaded 27 lotteries from config.json
2026-08-18 13:43:32 | INFO     | lottery_bot | === Start checking หุ้นเกาหลี (polling up to 30 min) ===
2026-08-18 13:43:32 | INFO     | lottery_bot | หุ้นเกาหลี attempt 1/30 (waiting for site to update)...
2026-08-18 13:43:32 | INFO     | lottery_bot | Opening SMLOT report page via Playwright: https://member.smlot.net/reports/reward
2026-08-18 13:43:35 | INFO     | lottery_bot | SMLOT requires login. Logging in with user 'bdd***'...
2026-08-18 13:43:37 | INFO     | lottery_bot | Successfully fetched 39 lottery results from SMLOT
2026-08-18 13:43:37 | ERROR    | lottery_bot.parsers | Parser SMLOT Reward Report failed: SMLOT parser: Result for 'หุ้นเกาหลี' is not yet available on member.smlot.net/reports/reward
2026-08-18 13:43:37 | WARNING  | lottery_bot | ParseError for หุ้นเกาหลี: SMLOT parser: Result for 'หุ้นเกาหลี' is not yet available on member.smlot.net/reports/reward
2026-08-18 13:43:39 | INFO     | lottery_bot | Successfully fetched 39 lottery results from SMLOT
2026-08-18 13:43:39 | ERROR    | lottery_bot.parsers | Parser SMLOT Reward Report failed: SMLOT parser: Result for 'หุ้นเกาหลี' is not yet available on member.smlot.net/reports/reward
2026-08-18 13:43:39 | WARNING  | lottery_bot | ParseError for หุ้นเกาหลี: SMLOT parser: Result for 'หุ้นเกาหลี' is not yet available on member.smlot.net/reports/reward
2026-08-18 13:43:51 | INFO     | lottery_bot | Received signal 2 – shutting down...
2026-08-18 13:43:51 | INFO     | lottery_bot | Scheduler shut down
2026-08-18 13:43:54 | INFO     | lottery_bot | Opening SMLOT report page via Playwright: https://member.smlot.net/reports/reward
2026-08-18 13:43:56 | INFO     | lottery_bot | SMLOT requires login. Logging in with user 'bdd***'...
2026-08-18 13:44:01 | INFO     | lottery_bot | Successfully fetched 39 lottery results from SMLOT
2026-08-18 13:44:09 | INFO     | lottery_bot | Opening SMLOT report page via Playwright: https://member.smlot.net/reports/reward
2026-08-18 13:44:11 | INFO     | lottery_bot | SMLOT requires login. Logging in with user 'bdd***'...
2026-08-18 13:44:16 | INFO     | lottery_bot | Successfully fetched 39 lottery results from SMLOT
2026-08-18 13:44:25 | INFO     | lottery_bot | Opening SMLOT report page via Playwright: https://member.smlot.net/reports/reward
2026-08-18 13:44:27 | INFO     | lottery_bot | SMLOT requires login. Logging in with user 'bdd***'...
2026-08-18 13:44:32 | INFO     | lottery_bot | Successfully fetched 39 lottery results from SMLOT
2026-08-18 13:44:37 | INFO     | lottery_bot | หุ้นเกาหลี attempt 3/30 (waiting for site to update)...
2026-08-18 13:44:37 | INFO     | lottery_bot | Opening SMLOT report page via Playwright: https://member.smlot.net/reports/reward
2026-08-18 13:44:38 | INFO     | lottery_bot | Opening SMLOT report page via Playwright: https://member.smlot.net/reports/reward
2026-08-18 13:44:39 | INFO     | lottery_bot | SMLOT requires login. Logging in with user 'bdd***'...
2026-08-18 13:44:39 | INFO     | lottery_bot | หุ้นเกาหลี attempt 2/30 (waiting for site to update)...
2026-08-18 13:44:39 | INFO     | lottery_bot | Opening SMLOT report page via Playwright: https://member.smlot.net/reports/reward
2026-08-18 13:44:41 | INFO     | lottery_bot | SMLOT requires login. Logging in with user 'bdd***'...
2026-08-18 13:44:43 | INFO     | lottery_bot | SMLOT requires login. Logging in with user 'bdd***'...
2026-08-18 13:44:44 | INFO     | lottery_bot | Successfully fetched 39 lottery results from SMLOT
2026-08-18 13:44:44 | ERROR    | lottery_bot.parsers | Parser SMLOT Reward Report failed: SMLOT parser: Result for 'หุ้นเกาหลี' is not yet available on member.smlot.net/reports/reward
2026-08-18 13:44:44 | WARNING  | lottery_bot | ParseError for หุ้นเกาหลี: SMLOT parser: Result for 'หุ้นเกาหลี' is not yet available on member.smlot.net/reports/reward
2026-08-18 13:44:45 | INFO     | lottery_bot | Successfully fetched 39 lottery results from SMLOT
2026-08-18 13:44:47 | INFO     | lottery_bot | Successfully fetched 39 lottery results from SMLOT
2026-08-18 13:44:47 | ERROR    | lottery_bot.parsers | Parser SMLOT Reward Report failed: SMLOT parser: Result for 'หุ้นเกาหลี' is not yet available on member.smlot.net/reports/reward
2026-08-18 13:44:47 | WARNING  | lottery_bot | ParseError for หุ้นเกาหลี: SMLOT parser: Result for 'หุ้นเกาหลี' is not yet available on member.smlot.net/reports/reward
2026-08-18 13:45:06 | INFO     | lottery_bot | Database initialized at lottery_results.db
2026-08-18 13:45:06 | INFO     | lottery_bot | LineSender initialized for group C3da8f4c...
2026-08-18 13:45:06 | INFO     | lottery_bot | Loaded 27 lotteries from config.json
2026-08-18 13:45:06 | INFO     | lottery_bot | === Start checking หุ้นเกาหลี (polling up to 30 min) ===
2026-08-18 13:45:06 | INFO     | lottery_bot | หุ้นเกาหลี attempt 1/30 (waiting for site to update)...
2026-08-18 13:45:06 | INFO     | lottery_bot | Opening SMLOT report page via Playwright: https://member.smlot.net/reports/reward
2026-08-18 13:45:08 | INFO     | lottery_bot | SMLOT requires login. Logging in with user 'bdd***'...
2026-08-18 13:45:13 | INFO     | lottery_bot | Successfully fetched 39 lottery results from SMLOT
2026-08-18 13:45:13 | ERROR    | lottery_bot.parsers | Parser SMLOT Reward Report failed: SMLOT parser: Result for 'หุ้นเกาหลี' is not yet available on member.smlot.net/reports/reward
2026-08-18 13:45:13 | WARNING  | lottery_bot | ParseError for หุ้นเกาหลี: SMLOT parser: Result for 'หุ้นเกาหลี' is not yet available on member.smlot.net/reports/reward
2026-08-18 13:45:30 | INFO     | lottery_bot | Database initialized at lottery_results.db
2026-08-18 13:45:30 | INFO     | lottery_bot | LineSender initialized for group C3da8f4c...
2026-08-18 13:45:30 | INFO     | lottery_bot | Loaded 27 lotteries from config.json
2026-08-18 13:45:30 | INFO     | lottery_bot | Opening SMLOT report page via Playwright: https://member.smlot.net/reports/reward
2026-08-18 13:45:33 | INFO     | lottery_bot | SMLOT requires login. Logging in with user 'bdd***'...
2026-08-18 13:45:37 | INFO     | lottery_bot | Successfully fetched 39 lottery results from SMLOT
2026-08-18 13:45:37 | ERROR    | lottery_bot.parsers | Parser SMLOT Reward Report failed: SMLOT parser: Result for 'SMLOT' is not yet available on member.smlot.net/reports/reward
2026-08-18 13:45:37 | WARNING  | lottery_bot | ParseError for SMLOT: SMLOT parser: Result for 'SMLOT' is not yet available on member.smlot.net/reports/reward
2026-08-18 13:45:37 | INFO     | lottery_bot.parsers | Parsed SMLOT Reward Report → top3=968 bottom2=93
2026-08-18 13:45:37 | INFO     | lottery_bot | ลาว Extra was already sent by another process – skip
2026-08-18 13:45:37 | INFO     | lottery_bot.parsers | Parsed SMLOT Reward Report → top3=721 bottom2=41
2026-08-18 13:45:37 | INFO     | lottery_bot | ฮานอยอาเซียน was already sent by another process – skip
2026-08-18 13:45:37 | INFO     | lottery_bot.parsers | Parsed SMLOT Reward Report → top3=854 bottom2=71
2026-08-18 13:45:37 | INFO     | lottery_bot | นิเคอิเช้า was already sent by another process – skip
2026-08-18 13:45:37 | INFO     | lottery_bot.parsers | Parsed SMLOT Reward Report → top3=510 bottom2=20
2026-08-18 13:45:37 | INFO     | lottery_bot | นิเคอิเช้า VIP was already sent by another process – skip
2026-08-18 13:45:37 | INFO     | lottery_bot.parsers | Parsed SMLOT Reward Report → top3=345 bottom2=82
2026-08-18 13:45:37 | INFO     | lottery_bot | จีนเช้า was already sent by another process – skip
2026-08-18 13:45:37 | INFO     | lottery_bot.parsers | Parsed SMLOT Reward Report → top3=694 bottom2=50
2026-08-18 13:45:37 | INFO     | lottery_bot | จีนเช้า VIP was already sent by another process – skip
2026-08-18 13:45:37 | INFO     | lottery_bot.parsers | Parsed SMLOT Reward Report → top3=026 bottom2=69
2026-08-18 13:45:37 | INFO     | lottery_bot | ลาว TV was already sent by another process – skip
2026-08-18 13:45:37 | INFO     | lottery_bot.parsers | Parsed SMLOT Reward Report → top3=725 bottom2=98
2026-08-18 13:45:37 | INFO     | lottery_bot | ฮั่งเส็งเช้า was already sent by another process – skip
2026-08-18 13:45:37 | INFO     | lottery_bot.parsers | Parsed SMLOT Reward Report → top3=657 bottom2=76
2026-08-18 13:45:37 | INFO     | lottery_bot | ฮั่งเส็งเช้า VIP was already sent by another process – skip
2026-08-18 13:45:37 | INFO     | lottery_bot.parsers | Parsed SMLOT Reward Report → top3=716 bottom2=13
2026-08-18 13:45:37 | INFO     | lottery_bot | ฮานอย HD was already sent by another process – skip
2026-08-18 13:45:37 | INFO     | lottery_bot.parsers | Parsed SMLOT Reward Report → top3=031 bottom2=32
2026-08-18 13:45:37 | INFO     | lottery_bot | ไต้หวัน VIP was already sent by another process – skip
2026-08-18 13:45:37 | INFO     | lottery_bot.parsers | Parsed SMLOT Reward Report → top3=208 bottom2=97
2026-08-18 13:45:37 | INFO     | lottery_bot | ฮานอย Star was already sent by another process – skip
2026-08-18 13:45:37 | INFO     | lottery_bot.parsers | Parsed SMLOT Reward Report → top3=868 bottom2=59
2026-08-18 13:45:37 | INFO     | lottery_bot | ไต้หวัน was already sent by another process – skip
2026-08-18 13:45:37 | INFO     | lottery_bot.parsers | Parsed SMLOT Reward Report → top3=711 bottom2=14
2026-08-18 13:45:37 | INFO     | lottery_bot | เกาหลี VIP was already sent by another process – skip
2026-08-18 13:45:37 | INFO     | lottery_bot.parsers | Parsed SMLOT Reward Report → top3=073 bottom2=52
2026-08-18 13:45:37 | INFO     | lottery_bot | นิเคอิบ่าย was already sent by another process – skip
2026-08-18 13:45:37 | INFO     | lottery_bot.parsers | Parsed SMLOT Reward Report → top3=260 bottom2=63
2026-08-18 13:45:37 | INFO     | lottery_bot | นิเคอิบ่าย VIP was already sent by another process – skip
2026-08-18 13:45:37 | ERROR    | lottery_bot.parsers | Parser SMLOT Reward Report failed: SMLOT parser: Result for 'หุ้นเกาหลี' is not yet available on member.smlot.net/reports/reward
2026-08-18 13:45:37 | WARNING  | lottery_bot | ParseError for หุ้นเกาหลี: SMLOT parser: Result for 'หุ้นเกาหลี' is not yet available on member.smlot.net/reports/reward
2026-08-18 13:45:37 | ERROR    | lottery_bot.parsers | Parser SMLOT Reward Report failed: SMLOT parser: Result for 'ลาว HD' is not yet available on member.smlot.net/reports/reward
2026-08-18 13:45:37 | WARNING  | lottery_bot | ParseError for ลาว HD: SMLOT parser: Result for 'ลาว HD' is not yet available on member.smlot.net/reports/reward
2026-08-18 13:45:37 | ERROR    | lottery_bot.parsers | Parser SMLOT Reward Report failed: SMLOT parser: Result for 'จีนบ่าย' is not yet available on member.smlot.net/reports/reward
2026-08-18 13:45:37 | WARNING  | lottery_bot | ParseError for จีนบ่าย: SMLOT parser: Result for 'จีนบ่าย' is not yet available on member.smlot.net/reports/reward
2026-08-18 13:45:37 | ERROR    | lottery_bot.parsers | Parser SMLOT Reward Report failed: SMLOT parser: Result for 'จีนบ่าย VIP' is not yet available on member.smlot.net/reports/reward
2026-08-18 13:45:37 | WARNING  | lottery_bot | ParseError for จีนบ่าย VIP: SMLOT parser: Result for 'จีนบ่าย VIP' is not yet available on member.smlot.net/reports/reward
2026-08-18 13:45:37 | ERROR    | lottery_bot.parsers | Parser SMLOT Reward Report failed: SMLOT parser: Result for 'ฮานอย TV' is not yet available on member.smlot.net/reports/reward
2026-08-18 13:45:37 | WARNING  | lottery_bot | ParseError for ฮานอย TV: SMLOT parser: Result for 'ฮานอย TV' is not yet available on member.smlot.net/reports/reward
2026-08-18 13:45:37 | ERROR    | lottery_bot.parsers | Parser SMLOT Reward Report failed: SMLOT parser: Result for 'ฮั่งเส็งบ่าย' is not yet available on member.smlot.net/reports/reward
2026-08-18 13:45:37 | WARNING  | lottery_bot | ParseError for ฮั่งเส็งบ่าย: SMLOT parser: Result for 'ฮั่งเส็งบ่าย' is not yet available on member.smlot.net/reports/reward
2026-08-18 13:45:37 | ERROR    | lottery_bot.parsers | Parser SMLOT Reward Report failed: SMLOT parser: Result for 'ฮั่งเส็งบ่าย VIP' is not yet available on member.smlot.net/reports/reward
2026-08-18 13:45:37 | WARNING  | lottery_bot | ParseError for ฮั่งเส็งบ่าย VIP: SMLOT parser: Result for 'ฮั่งเส็งบ่าย VIP' is not yet available on member.smlot.net/reports/reward
2026-08-18 13:45:37 | ERROR    | lottery_bot.parsers | Parser SMLOT Reward Report failed: SMLOT parser: Result for 'ลาว Star' is not yet available on member.smlot.net/reports/reward
2026-08-18 13:45:37 | WARNING  | lottery_bot | ParseError for ลาว Star: SMLOT parser: Result for 'ลาว Star' is not yet available on member.smlot.net/reports/reward
2026-08-18 13:45:37 | ERROR    | lottery_bot.parsers | Parser SMLOT Reward Report failed: SMLOT parser: Result for 'หุ้นสิงคโปร์' is not yet available on member.smlot.net/reports/reward
2026-08-18 13:45:37 | WARNING  | lottery_bot | ParseError for หุ้นสิงคโปร์: SMLOT parser: Result for 'หุ้นสิงคโปร์' is not yet available on member.smlot.net/reports/reward
2026-08-18 13:45:37 | ERROR    | lottery_bot.parsers | Parser SMLOT Reward Report failed: SMLOT parser: Result for 'ฮานอย กาชาด' is not yet available on member.smlot.net/reports/reward
2026-08-18 13:45:37 | WARNING  | lottery_bot | ParseError for ฮานอย กาชาด: SMLOT parser: Result for 'ฮานอย กาชาด' is not yet available on member.smlot.net/reports/reward
2026-08-18 13:45:37 | ERROR    | lottery_bot.parsers | Parser SMLOT Reward Report failed: SMLOT parser: Result for 'หุ้นไทยเย็น' is not yet available on member.smlot.net/reports/reward
2026-08-18 13:45:37 | WARNING  | lottery_bot | ParseError for หุ้นไทยเย็น: SMLOT parser: Result for 'หุ้นไทยเย็น' is not yet available on member.smlot.net/reports/reward
2026-08-18 13:45:52 | INFO     | lottery_bot | ==================================================
2026-08-18 13:45:52 | INFO     | lottery_bot | Lottery Bot starting...
2026-08-18 13:45:52 | INFO     | lottery_bot | ==================================================
2026-08-18 13:45:52 | INFO     | lottery_bot | Database initialized at lottery_results.db
2026-08-18 13:45:52 | INFO     | lottery_bot | LineSender initialized for group C3da8f4c...
2026-08-18 13:45:52 | INFO     | lottery_bot | Loaded 27 lotteries from config.json
2026-08-18 13:45:52 | INFO     | lottery_bot | Scheduled ลาว Extra at 08:30 (Asia/Bangkok)
2026-08-18 13:45:52 | INFO     | lottery_bot | Scheduled ฮานอยอาเซียน at 09:30 (Asia/Bangkok)
2026-08-18 13:45:52 | INFO     | lottery_bot | Scheduled นิเคอิเช้า at 09:30 (Asia/Bangkok)
2026-08-18 13:45:52 | INFO     | lottery_bot | Scheduled นิเคอิเช้า VIP at 09:05 (Asia/Bangkok)
2026-08-18 13:45:52 | INFO     | lottery_bot | Scheduled จีนเช้า at 10:30 (Asia/Bangkok)
2026-08-18 13:45:52 | INFO     | lottery_bot | Scheduled จีนเช้า VIP at 10:05 (Asia/Bangkok)
2026-08-18 13:45:52 | INFO     | lottery_bot | Scheduled ลาว TV at 10:30 (Asia/Bangkok)
2026-08-18 13:45:52 | INFO     | lottery_bot | Scheduled ฮั่งเส็งเช้า at 11:05 (Asia/Bangkok)
2026-08-18 13:45:52 | INFO     | lottery_bot | Scheduled ฮั่งเส็งเช้า VIP at 10:35 (Asia/Bangkok)
2026-08-18 13:45:52 | INFO     | lottery_bot | Scheduled ฮานอย HD at 11:30 (Asia/Bangkok)
2026-08-18 13:45:52 | INFO     | lottery_bot | Scheduled ไต้หวัน VIP at 11:35 (Asia/Bangkok)
2026-08-18 13:45:52 | INFO     | lottery_bot | Scheduled ฮานอย Star at 12:30 (Asia/Bangkok)
2026-08-18 13:45:52 | INFO     | lottery_bot | Scheduled ไต้หวัน at 12:35 (Asia/Bangkok)
2026-08-18 13:45:52 | INFO     | lottery_bot | Scheduled เกาหลี VIP at 12:35 (Asia/Bangkok)
2026-08-18 13:45:52 | INFO     | lottery_bot | Scheduled นิเคอิบ่าย at 13:30 (Asia/Bangkok)
2026-08-18 13:45:52 | INFO     | lottery_bot | Scheduled นิเคอิบ่าย VIP at 13:25 (Asia/Bangkok)
2026-08-18 13:45:52 | INFO     | lottery_bot | Scheduled หุ้นเกาหลี at 13:30 (Asia/Bangkok)
2026-08-18 13:45:52 | INFO     | lottery_bot | Scheduled ลาว HD at 13:45 (Asia/Bangkok)
2026-08-18 13:45:52 | INFO     | lottery_bot | Scheduled จีนบ่าย at 14:00 (Asia/Bangkok)
2026-08-18 13:45:52 | INFO     | lottery_bot | Scheduled จีนบ่าย VIP at 14:25 (Asia/Bangkok)
2026-08-18 13:45:52 | INFO     | lottery_bot | Scheduled ฮานอย TV at 14:30 (Asia/Bangkok)
2026-08-18 13:45:52 | INFO     | lottery_bot | Scheduled ฮั่งเส็งบ่าย at 15:10 (Asia/Bangkok)
2026-08-18 13:45:52 | INFO     | lottery_bot | Scheduled ฮั่งเส็งบ่าย VIP at 15:25 (Asia/Bangkok)
2026-08-18 13:45:52 | INFO     | lottery_bot | Scheduled ลาว Star at 15:45 (Asia/Bangkok)
2026-08-18 13:45:52 | INFO     | lottery_bot | Scheduled หุ้นสิงคโปร์ at 16:25 (Asia/Bangkok)
2026-08-18 13:45:52 | INFO     | lottery_bot | Scheduled ฮานอย กาชาด at 16:30 (Asia/Bangkok)
2026-08-18 13:45:52 | INFO     | lottery_bot | Scheduled หุ้นไทยเย็น at 16:45 (Asia/Bangkok)
2026-08-18 13:45:52 | INFO     | lottery_bot | Scheduler started
2026-08-18 13:45:52 | INFO     | lottery_bot | Checking pending lotteries due today (Current time: 13:45)...
2026-08-18 13:45:52 | INFO     | lottery_bot | Lottery 'หุ้นเกาหลี' (due at 13:30) has not been sent today. Checking now...
2026-08-18 13:45:52 | INFO     | lottery_bot | Lottery 'ลาว HD' (due at 13:45) has not been sent today. Checking now...
2026-08-18 13:45:52 | INFO     | lottery_bot | Bot is running. Press Ctrl+C to stop.
2026-08-18 13:45:52 | INFO     | lottery_bot | === Start checking หุ้นเกาหลี (polling up to 30 min) ===
2026-08-18 13:45:52 | INFO     | lottery_bot | หุ้นเกาหลี attempt 1/30 (waiting for site to update)...
2026-08-18 13:45:52 | INFO     | lottery_bot | === Start checking ลาว HD (polling up to 30 min) ===
2026-08-18 13:45:52 | INFO     | lottery_bot | ลาว HD attempt 1/30 (waiting for site to update)...
2026-08-18 13:45:52 | INFO     | lottery_bot | Opening SMLOT report page via Playwright: https://member.smlot.net/reports/reward
2026-08-18 13:45:52 | INFO     | lottery_bot | Opening SMLOT report page via Playwright: https://member.smlot.net/reports/reward
2026-08-18 13:45:55 | INFO     | lottery_bot | SMLOT requires login. Logging in with user 'bdd***'...
2026-08-18 13:45:55 | INFO     | lottery_bot | SMLOT requires login. Logging in with user 'bdd***'...
2026-08-18 13:46:00 | INFO     | lottery_bot | Successfully fetched 39 lottery results from SMLOT
2026-08-18 13:46:00 | ERROR    | lottery_bot.parsers | Parser SMLOT Reward Report failed: SMLOT parser: Result for 'ลาว HD' is not yet available on member.smlot.net/reports/reward
2026-08-18 13:46:00 | WARNING  | lottery_bot | ParseError for ลาว HD: SMLOT parser: Result for 'ลาว HD' is not yet available on member.smlot.net/reports/reward
2026-08-18 13:46:00 | INFO     | lottery_bot | Successfully fetched 39 lottery results from SMLOT
2026-08-18 13:46:00 | ERROR    | lottery_bot.parsers | Parser SMLOT Reward Report failed: SMLOT parser: Result for 'หุ้นเกาหลี' is not yet available on member.smlot.net/reports/reward
2026-08-18 13:46:00 | WARNING  | lottery_bot | ParseError for หุ้นเกาหลี: SMLOT parser: Result for 'หุ้นเกาหลี' is not yet available on member.smlot.net/reports/reward
2026-08-18 13:47:08 | INFO     | lottery_bot | ==================================================
2026-08-18 13:47:08 | INFO     | lottery_bot | Lottery Bot starting...
2026-08-18 13:47:08 | INFO     | lottery_bot | ==================================================
2026-08-18 13:47:08 | INFO     | lottery_bot | Database initialized at lottery_results.db
2026-08-18 13:47:08 | INFO     | lottery_bot | LineSender initialized for group C3da8f4c...
2026-08-18 13:47:08 | INFO     | lottery_bot | Loaded 27 lotteries from config.json
2026-08-18 13:47:08 | INFO     | lottery_bot | Scheduled ลาว Extra at 08:30 (Asia/Bangkok)
2026-08-18 13:47:08 | INFO     | lottery_bot | Scheduled ฮานอยอาเซียน at 09:30 (Asia/Bangkok)
2026-08-18 13:47:08 | INFO     | lottery_bot | Scheduled นิเคอิเช้า at 09:30 (Asia/Bangkok)
2026-08-18 13:47:08 | INFO     | lottery_bot | Scheduled นิเคอิเช้า VIP at 09:05 (Asia/Bangkok)
2026-08-18 13:47:08 | INFO     | lottery_bot | Scheduled จีนเช้า at 10:30 (Asia/Bangkok)
2026-08-18 13:47:08 | INFO     | lottery_bot | Scheduled จีนเช้า VIP at 10:05 (Asia/Bangkok)
2026-08-18 13:47:08 | INFO     | lottery_bot | Scheduled ลาว TV at 10:30 (Asia/Bangkok)
2026-08-18 13:47:08 | INFO     | lottery_bot | Scheduled ฮั่งเส็งเช้า at 11:05 (Asia/Bangkok)
2026-08-18 13:47:08 | INFO     | lottery_bot | Scheduled ฮั่งเส็งเช้า VIP at 10:35 (Asia/Bangkok)
2026-08-18 13:47:08 | INFO     | lottery_bot | Scheduled ฮานอย HD at 11:30 (Asia/Bangkok)
2026-08-18 13:47:08 | INFO     | lottery_bot | Scheduled ไต้หวัน VIP at 11:35 (Asia/Bangkok)
2026-08-18 13:47:08 | INFO     | lottery_bot | Scheduled ฮานอย Star at 12:30 (Asia/Bangkok)
2026-08-18 13:47:08 | INFO     | lottery_bot | Scheduled ไต้หวัน at 12:35 (Asia/Bangkok)
2026-08-18 13:47:08 | INFO     | lottery_bot | Scheduled เกาหลี VIP at 12:35 (Asia/Bangkok)
2026-08-18 13:47:08 | INFO     | lottery_bot | Scheduled นิเคอิบ่าย at 13:30 (Asia/Bangkok)
2026-08-18 13:47:08 | INFO     | lottery_bot | Scheduled นิเคอิบ่าย VIP at 13:25 (Asia/Bangkok)
2026-08-18 13:47:08 | INFO     | lottery_bot | Scheduled หุ้นเกาหลี at 13:30 (Asia/Bangkok)
2026-08-18 13:47:08 | INFO     | lottery_bot | Scheduled ลาว HD at 13:45 (Asia/Bangkok)
2026-08-18 13:47:08 | INFO     | lottery_bot | Scheduled จีนบ่าย at 14:00 (Asia/Bangkok)
2026-08-18 13:47:08 | INFO     | lottery_bot | Scheduled จีนบ่าย VIP at 14:25 (Asia/Bangkok)
2026-08-18 13:47:08 | INFO     | lottery_bot | Scheduled ฮานอย TV at 14:30 (Asia/Bangkok)
2026-08-18 13:47:08 | INFO     | lottery_bot | Scheduled ฮั่งเส็งบ่าย at 15:10 (Asia/Bangkok)
2026-08-18 13:47:08 | INFO     | lottery_bot | Scheduled ฮั่งเส็งบ่าย VIP at 15:25 (Asia/Bangkok)
2026-08-18 13:47:08 | INFO     | lottery_bot | Scheduled ลาว Star at 15:45 (Asia/Bangkok)
2026-08-18 13:47:08 | INFO     | lottery_bot | Scheduled หุ้นสิงคโปร์ at 16:25 (Asia/Bangkok)
2026-08-18 13:47:08 | INFO     | lottery_bot | Scheduled ฮานอย กาชาด at 16:30 (Asia/Bangkok)
2026-08-18 13:47:08 | INFO     | lottery_bot | Scheduled หุ้นไทยเย็น at 16:45 (Asia/Bangkok)
2026-08-18 13:47:08 | INFO     | lottery_bot | Scheduler started
2026-08-18 13:47:08 | INFO     | lottery_bot | Checking pending lotteries due today (Current time: 13:47)...
2026-08-18 13:47:08 | INFO     | lottery_bot | Lottery 'หุ้นเกาหลี' (due at 13:30) has not been sent today. Checking now...
2026-08-18 13:47:08 | INFO     | lottery_bot | Lottery 'ลาว HD' (due at 13:45) has not been sent today. Checking now...
2026-08-18 13:47:08 | INFO     | lottery_bot | Bot is running. Press Ctrl+C to stop.
2026-08-18 13:47:08 | INFO     | lottery_bot | === Start checking หุ้นเกาหลี (polling up to 30 min) ===
2026-08-18 13:47:08 | INFO     | lottery_bot | หุ้นเกาหลี attempt 1/30 (waiting for site to update)...
2026-08-18 13:47:08 | INFO     | lottery_bot | === Start checking ลาว HD (polling up to 30 min) ===
2026-08-18 13:47:08 | INFO     | lottery_bot | ลาว HD attempt 1/30 (waiting for site to update)...
2026-08-18 13:47:08 | INFO     | lottery_bot | Opening SMLOT report page via Playwright: https://member.smlot.net/reports/reward
2026-08-18 13:47:11 | INFO     | lottery_bot | SMLOT requires login. Logging in with user 'bdd***'...
2026-08-18 13:47:16 | INFO     | lottery_bot | Successfully fetched 39 lottery results from SMLOT
2026-08-18 13:47:16 | ERROR    | lottery_bot.parsers | Parser SMLOT Reward Report failed: SMLOT parser: Result for 'หุ้นเกาหลี' is not yet available on member.smlot.net/reports/reward
2026-08-18 13:47:16 | WARNING  | lottery_bot | ParseError for หุ้นเกาหลี: SMLOT parser: Result for 'หุ้นเกาหลี' is not yet available on member.smlot.net/reports/reward
2026-08-18 13:47:16 | ERROR    | lottery_bot.parsers | Parser SMLOT Reward Report failed: SMLOT parser: Result for 'ลาว HD' is not yet available on member.smlot.net/reports/reward
2026-08-18 13:47:16 | WARNING  | lottery_bot | ParseError for ลาว HD: SMLOT parser: Result for 'ลาว HD' is not yet available on member.smlot.net/reports/reward
2026-08-18 13:48:43 | INFO     | lottery_bot | ==================================================
2026-08-18 13:48:43 | INFO     | lottery_bot | Lottery Bot starting...
2026-08-18 13:48:43 | INFO     | lottery_bot | ==================================================
2026-08-18 13:48:43 | INFO     | lottery_bot | Database initialized at lottery_results.db
2026-08-18 13:48:43 | INFO     | lottery_bot | LineSender initialized for group C3da8f4c...
2026-08-18 13:48:43 | INFO     | lottery_bot | Loaded 27 lotteries from config.json
2026-08-18 13:48:43 | INFO     | lottery_bot | Scheduled ลาว Extra at 08:30 (Asia/Bangkok)
2026-08-18 13:48:43 | INFO     | lottery_bot | Scheduled ฮานอยอาเซียน at 09:30 (Asia/Bangkok)
2026-08-18 13:48:43 | INFO     | lottery_bot | Scheduled นิเคอิเช้า at 09:30 (Asia/Bangkok)
2026-08-18 13:48:43 | INFO     | lottery_bot | Scheduled นิเคอิเช้า VIP at 09:05 (Asia/Bangkok)
2026-08-18 13:48:43 | INFO     | lottery_bot | Scheduled จีนเช้า at 10:30 (Asia/Bangkok)
2026-08-18 13:48:43 | INFO     | lottery_bot | Scheduled จีนเช้า VIP at 10:05 (Asia/Bangkok)
2026-08-18 13:48:43 | INFO     | lottery_bot | Scheduled ลาว TV at 10:30 (Asia/Bangkok)
2026-08-18 13:48:43 | INFO     | lottery_bot | Scheduled ฮั่งเส็งเช้า at 11:05 (Asia/Bangkok)
2026-08-18 13:48:43 | INFO     | lottery_bot | Scheduled ฮั่งเส็งเช้า VIP at 10:35 (Asia/Bangkok)
2026-08-18 13:48:43 | INFO     | lottery_bot | Scheduled ฮานอย HD at 11:30 (Asia/Bangkok)
2026-08-18 13:48:43 | INFO     | lottery_bot | Scheduled ไต้หวัน VIP at 11:35 (Asia/Bangkok)
2026-08-18 13:48:43 | INFO     | lottery_bot | Scheduled ฮานอย Star at 12:30 (Asia/Bangkok)
2026-08-18 13:48:43 | INFO     | lottery_bot | Scheduled ไต้หวัน at 12:35 (Asia/Bangkok)
2026-08-18 13:48:43 | INFO     | lottery_bot | Scheduled เกาหลี VIP at 12:35 (Asia/Bangkok)
2026-08-18 13:48:43 | INFO     | lottery_bot | Scheduled นิเคอิบ่าย at 13:30 (Asia/Bangkok)
2026-08-18 13:48:43 | INFO     | lottery_bot | Scheduled นิเคอิบ่าย VIP at 13:25 (Asia/Bangkok)
2026-08-18 13:48:43 | INFO     | lottery_bot | Scheduled หุ้นเกาหลี at 13:30 (Asia/Bangkok)
2026-08-18 13:48:43 | INFO     | lottery_bot | Scheduled ลาว HD at 13:45 (Asia/Bangkok)
2026-08-18 13:48:43 | INFO     | lottery_bot | Scheduled จีนบ่าย at 14:00 (Asia/Bangkok)
2026-08-18 13:48:43 | INFO     | lottery_bot | Scheduled จีนบ่าย VIP at 14:25 (Asia/Bangkok)
2026-08-18 13:48:43 | INFO     | lottery_bot | Scheduled ฮานอย TV at 14:30 (Asia/Bangkok)
2026-08-18 13:48:43 | INFO     | lottery_bot | Scheduled ฮั่งเส็งบ่าย at 15:10 (Asia/Bangkok)
2026-08-18 13:48:43 | INFO     | lottery_bot | Scheduled ฮั่งเส็งบ่าย VIP at 15:25 (Asia/Bangkok)
2026-08-18 13:48:43 | INFO     | lottery_bot | Scheduled ลาว Star at 15:45 (Asia/Bangkok)
2026-08-18 13:48:43 | INFO     | lottery_bot | Scheduled หุ้นสิงคโปร์ at 16:25 (Asia/Bangkok)
2026-08-18 13:48:43 | INFO     | lottery_bot | Scheduled ฮานอย กาชาด at 16:30 (Asia/Bangkok)
2026-08-18 13:48:43 | INFO     | lottery_bot | Scheduled หุ้นไทยเย็น at 16:45 (Asia/Bangkok)
2026-08-18 13:48:43 | INFO     | lottery_bot | Scheduler started
2026-08-18 13:48:43 | INFO     | lottery_bot | Checking pending lotteries due today (Current time: 13:48)...
2026-08-18 13:48:43 | INFO     | lottery_bot | Lottery 'หุ้นเกาหลี' (due at 13:30) has not been sent today. Checking now...
2026-08-18 13:48:43 | INFO     | lottery_bot | Lottery 'ลาว HD' (due at 13:45) has not been sent today. Checking now...
2026-08-18 13:48:43 | INFO     | lottery_bot | Bot is running. Press Ctrl+C to stop.
2026-08-18 13:48:43 | INFO     | lottery_bot | === Start checking หุ้นเกาหลี (polling up to 30 min) ===
2026-08-18 13:48:43 | INFO     | lottery_bot | หุ้นเกาหลี attempt 1/30 (waiting for site to update)...
2026-08-18 13:48:43 | INFO     | lottery_bot | === Start checking ลาว HD (polling up to 30 min) ===
2026-08-18 13:48:43 | INFO     | lottery_bot | ลาว HD attempt 1/30 (waiting for site to update)...
2026-08-18 13:48:44 | INFO     | lottery_bot | Opening SMLOT report page via Playwright: https://member.smlot.net/reports/reward
2026-08-18 13:48:46 | INFO     | lottery_bot | SMLOT requires login. Logging in with user 'bdd***'...
2026-08-18 13:48:51 | INFO     | lottery_bot | Successfully fetched 39 lottery results from SMLOT
2026-08-18 13:48:51 | ERROR    | lottery_bot.parsers | Parser SMLOT Reward Report failed: SMLOT parser: Result for 'หุ้นเกาหลี' is not yet available on member.smlot.net/reports/reward
2026-08-18 13:48:51 | ERROR    | lottery_bot.parsers | Parser SMLOT Reward Report failed: SMLOT parser: Result for 'ลาว HD' is not yet available on member.smlot.net/reports/reward
2026-08-18 13:48:51 | WARNING  | lottery_bot | ParseError for หุ้นเกาหลี: SMLOT parser: Result for 'หุ้นเกาหลี' is not yet available on member.smlot.net/reports/reward
2026-08-18 13:48:51 | WARNING  | lottery_bot | ParseError for ลาว HD: SMLOT parser: Result for 'ลาว HD' is not yet available on member.smlot.net/reports/reward
2026-08-18 13:49:36 | INFO     | lottery_bot | ==================================================
2026-08-18 13:49:36 | INFO     | lottery_bot | Lottery Bot starting...
2026-08-18 13:49:36 | INFO     | lottery_bot | ==================================================
2026-08-18 13:49:36 | INFO     | lottery_bot | Database initialized at lottery_results.db
2026-08-18 13:49:36 | INFO     | lottery_bot | LineSender initialized for group C3da8f4c...
2026-08-18 13:49:36 | INFO     | lottery_bot | Loaded 27 lotteries from config.json
2026-08-18 13:49:36 | INFO     | lottery_bot | Scheduled ลาว Extra at 08:30 (Asia/Bangkok)
2026-08-18 13:49:36 | INFO     | lottery_bot | Scheduled ฮานอยอาเซียน at 09:30 (Asia/Bangkok)
2026-08-18 13:49:36 | INFO     | lottery_bot | Scheduled นิเคอิเช้า at 09:30 (Asia/Bangkok)
2026-08-18 13:49:36 | INFO     | lottery_bot | Scheduled นิเคอิเช้า VIP at 09:05 (Asia/Bangkok)
2026-08-18 13:49:36 | INFO     | lottery_bot | Scheduled จีนเช้า at 10:30 (Asia/Bangkok)
2026-08-18 13:49:36 | INFO     | lottery_bot | Scheduled จีนเช้า VIP at 10:05 (Asia/Bangkok)
2026-08-18 13:49:36 | INFO     | lottery_bot | Scheduled ลาว TV at 10:30 (Asia/Bangkok)
2026-08-18 13:49:36 | INFO     | lottery_bot | Scheduled ฮั่งเส็งเช้า at 11:05 (Asia/Bangkok)
2026-08-18 13:49:36 | INFO     | lottery_bot | Scheduled ฮั่งเส็งเช้า VIP at 10:35 (Asia/Bangkok)
2026-08-18 13:49:36 | INFO     | lottery_bot | Scheduled ฮานอย HD at 11:30 (Asia/Bangkok)
2026-08-18 13:49:36 | INFO     | lottery_bot | Scheduled ไต้หวัน VIP at 11:35 (Asia/Bangkok)
2026-08-18 13:49:36 | INFO     | lottery_bot | Scheduled ฮานอย Star at 12:30 (Asia/Bangkok)
2026-08-18 13:49:36 | INFO     | lottery_bot | Scheduled ไต้หวัน at 12:35 (Asia/Bangkok)
2026-08-18 13:49:36 | INFO     | lottery_bot | Scheduled เกาหลี VIP at 12:35 (Asia/Bangkok)
2026-08-18 13:49:36 | INFO     | lottery_bot | Scheduled นิเคอิบ่าย at 13:30 (Asia/Bangkok)
2026-08-18 13:49:36 | INFO     | lottery_bot | Scheduled นิเคอิบ่าย VIP at 13:25 (Asia/Bangkok)
2026-08-18 13:49:36 | INFO     | lottery_bot | Scheduled หุ้นเกาหลี at 13:30 (Asia/Bangkok)
2026-08-18 13:49:36 | INFO     | lottery_bot | Scheduled ลาว HD at 13:45 (Asia/Bangkok)
2026-08-18 13:49:36 | INFO     | lottery_bot | Scheduled จีนบ่าย at 14:00 (Asia/Bangkok)
2026-08-18 13:49:36 | INFO     | lottery_bot | Scheduled จีนบ่าย VIP at 14:25 (Asia/Bangkok)
2026-08-18 13:49:36 | INFO     | lottery_bot | Scheduled ฮานอย TV at 14:30 (Asia/Bangkok)
2026-08-18 13:49:36 | INFO     | lottery_bot | Scheduled ฮั่งเส็งบ่าย at 15:10 (Asia/Bangkok)
2026-08-18 13:49:36 | INFO     | lottery_bot | Scheduled ฮั่งเส็งบ่าย VIP at 15:25 (Asia/Bangkok)
2026-08-18 13:49:36 | INFO     | lottery_bot | Scheduled ลาว Star at 15:45 (Asia/Bangkok)
2026-08-18 13:49:36 | INFO     | lottery_bot | Scheduled หุ้นสิงคโปร์ at 16:25 (Asia/Bangkok)
2026-08-18 13:49:36 | INFO     | lottery_bot | Scheduled ฮานอย กาชาด at 16:30 (Asia/Bangkok)
2026-08-18 13:49:36 | INFO     | lottery_bot | Scheduled หุ้นไทยเย็น at 16:45 (Asia/Bangkok)
2026-08-18 13:49:36 | INFO     | lottery_bot | Scheduler started
2026-08-18 13:49:36 | INFO     | lottery_bot | Checking pending lotteries due today (Current time: 13:49)...
2026-08-18 13:49:36 | INFO     | lottery_bot | Lottery 'หุ้นเกาหลี' (due at 13:30) has not been sent today. Checking now...
2026-08-18 13:49:36 | INFO     | lottery_bot | Lottery 'ลาว HD' (due at 13:45) has not been sent today. Checking now...
2026-08-18 13:49:36 | INFO     | lottery_bot | Bot is running. Press Ctrl+C to stop.
2026-08-18 13:49:36 | INFO     | lottery_bot | === Start checking ลาว HD (polling up to 30 min) ===
2026-08-18 13:49:36 | INFO     | lottery_bot | ลาว HD attempt 1/30 (waiting for site to update)...
2026-08-18 13:49:36 | INFO     | lottery_bot | === Start checking หุ้นเกาหลี (polling up to 30 min) ===
2026-08-18 13:49:36 | INFO     | lottery_bot | หุ้นเกาหลี attempt 1/30 (waiting for site to update)...
2026-08-18 13:49:37 | INFO     | lottery_bot | Opening SMLOT report page via Playwright: https://member.smlot.net/reports/reward
2026-08-18 13:49:39 | INFO     | lottery_bot | SMLOT requires login. Logging in with user 'bdd***'...
2026-08-18 13:49:43 | INFO     | lottery_bot | Successfully fetched 40 lottery results from SMLOT
2026-08-18 13:49:43 | INFO     | lottery_bot.parsers | Parsed SMLOT Reward Report → top3=943 bottom2=22
2026-08-18 13:49:43 | ERROR    | lottery_bot.parsers | Parser SMLOT Reward Report failed: SMLOT parser: Result for 'หุ้นเกาหลี' is not yet available on member.smlot.net/reports/reward
2026-08-18 13:49:43 | WARNING  | lottery_bot | ParseError for หุ้นเกาหลี: SMLOT parser: Result for 'หุ้นเกาหลี' is not yet available on member.smlot.net/reports/reward
2026-08-18 13:49:43 | INFO     | lottery_bot | Prepared message:
🇱🇦 ลาว HD
🔺 9️⃣ 4️⃣ 3️⃣
🔻 2️⃣ 2️⃣
2026-08-18 13:49:43 | INFO     | lottery_bot | LINE message sent successfully (33 chars)
2026-08-18 13:49:44 | INFO     | lottery_bot | Saved result: ลาว HD | 2026-08-18 | top3=943 bottom2=22
2026-08-18 13:49:44 | INFO     | lottery_bot | ลาว HD result sent successfully – stop polling
2026-08-18 13:50:43 | INFO     | lottery_bot | หุ้นเกาหลี attempt 2/30 (waiting for site to update)...
2026-08-18 13:50:43 | INFO     | lottery_bot | Opening SMLOT report page via Playwright: https://member.smlot.net/reports/reward
2026-08-18 13:50:45 | INFO     | lottery_bot | SMLOT requires login. Logging in with user 'bdd***'...
2026-08-18 13:50:50 | INFO     | lottery_bot | Successfully fetched 40 lottery results from SMLOT
2026-08-18 13:50:50 | ERROR    | lottery_bot.parsers | Parser SMLOT Reward Report failed: SMLOT parser: Result for 'หุ้นเกาหลี' is not yet available on member.smlot.net/reports/reward
2026-08-18 13:50:50 | WARNING  | lottery_bot | ParseError for หุ้นเกาหลี: SMLOT parser: Result for 'หุ้นเกาหลี' is not yet available on member.smlot.net/reports/reward
2026-08-18 13:51:50 | INFO     | lottery_bot | หุ้นเกาหลี attempt 3/30 (waiting for site to update)...
2026-08-18 13:51:50 | INFO     | lottery_bot | Opening SMLOT report page via Playwright: https://member.smlot.net/reports/reward
2026-08-18 13:51:52 | INFO     | lottery_bot | SMLOT requires login. Logging in with user 'bdd***'...
2026-08-18 13:51:56 | INFO     | lottery_bot | Successfully fetched 40 lottery results from SMLOT
2026-08-18 13:51:56 | ERROR    | lottery_bot.parsers | Parser SMLOT Reward Report failed: SMLOT parser: Result for 'หุ้นเกาหลี' is not yet available on member.smlot.net/reports/reward
2026-08-18 13:51:56 | WARNING  | lottery_bot | ParseError for หุ้นเกาหลี: SMLOT parser: Result for 'หุ้นเกาหลี' is not yet available on member.smlot.net/reports/reward
2026-08-18 13:52:56 | INFO     | lottery_bot | หุ้นเกาหลี attempt 4/30 (waiting for site to update)...
2026-08-18 13:52:56 | INFO     | lottery_bot | Opening SMLOT report page via Playwright: https://member.smlot.net/reports/reward
2026-08-18 13:52:58 | INFO     | lottery_bot | SMLOT requires login. Logging in with user 'bdd***'...
2026-08-18 13:53:03 | INFO     | lottery_bot | Successfully fetched 40 lottery results from SMLOT
2026-08-18 13:53:03 | ERROR    | lottery_bot.parsers | Parser SMLOT Reward Report failed: SMLOT parser: Result for 'หุ้นเกาหลี' is not yet available on member.smlot.net/reports/reward
2026-08-18 13:53:03 | WARNING  | lottery_bot | ParseError for หุ้นเกาหลี: SMLOT parser: Result for 'หุ้นเกาหลี' is not yet available on member.smlot.net/reports/reward
2026-08-18 13:54:03 | INFO     | lottery_bot | หุ้นเกาหลี attempt 5/30 (waiting for site to update)...
2026-08-18 13:54:03 | INFO     | lottery_bot | Opening SMLOT report page via Playwright: https://member.smlot.net/reports/reward
2026-08-18 13:54:05 | INFO     | lottery_bot | SMLOT requires login. Logging in with user 'bdd***'...
2026-08-18 13:54:10 | INFO     | lottery_bot | Successfully fetched 40 lottery results from SMLOT
2026-08-18 13:54:10 | ERROR    | lottery_bot.parsers | Parser SMLOT Reward Report failed: SMLOT parser: Result for 'หุ้นเกาหลี' is not yet available on member.smlot.net/reports/reward
2026-08-18 13:54:10 | WARNING  | lottery_bot | ParseError for หุ้นเกาหลี: SMLOT parser: Result for 'หุ้นเกาหลี' is not yet available on member.smlot.net/reports/reward
2026-08-18 13:55:10 | INFO     | lottery_bot | หุ้นเกาหลี attempt 6/30 (waiting for site to update)...
2026-08-18 13:55:10 | INFO     | lottery_bot | Opening SMLOT report page via Playwright: https://member.smlot.net/reports/reward
2026-08-18 13:55:12 | INFO     | lottery_bot | SMLOT requires login. Logging in with user 'bdd***'...
2026-08-18 13:55:17 | INFO     | lottery_bot | Successfully fetched 40 lottery results from SMLOT
2026-08-18 13:55:17 | ERROR    | lottery_bot.parsers | Parser SMLOT Reward Report failed: SMLOT parser: Result for 'หุ้นเกาหลี' is not yet available on member.smlot.net/reports/reward
2026-08-18 13:55:17 | WARNING  | lottery_bot | ParseError for หุ้นเกาหลี: SMLOT parser: Result for 'หุ้นเกาหลี' is not yet available on member.smlot.net/reports/reward
2026-08-18 13:55:41 | INFO     | lottery_bot | LineSender initialized for group C3da8f4c...
2026-08-18 13:55:41 | INFO     | lottery_bot | LINE Flex Message sent successfully for ลาว HD
2026-08-18 13:56:05 | INFO     | lottery_bot | ==================================================
2026-08-18 13:56:05 | INFO     | lottery_bot | Lottery Bot starting...
2026-08-18 13:56:05 | INFO     | lottery_bot | ==================================================
2026-08-18 13:56:05 | INFO     | lottery_bot | Database initialized at lottery_results.db
2026-08-18 13:56:05 | INFO     | lottery_bot | LineSender initialized for group C3da8f4c...
2026-08-18 13:56:05 | INFO     | lottery_bot | Loaded 27 lotteries from config.json
2026-08-18 13:56:05 | INFO     | lottery_bot | Scheduled ลาว Extra at 08:30 (Asia/Bangkok)
2026-08-18 13:56:05 | INFO     | lottery_bot | Scheduled ฮานอยอาเซียน at 09:30 (Asia/Bangkok)
2026-08-18 13:56:05 | INFO     | lottery_bot | Scheduled นิเคอิเช้า at 09:30 (Asia/Bangkok)
2026-08-18 13:56:05 | INFO     | lottery_bot | Scheduled นิเคอิเช้า VIP at 09:05 (Asia/Bangkok)
2026-08-18 13:56:05 | INFO     | lottery_bot | Scheduled จีนเช้า at 10:30 (Asia/Bangkok)
2026-08-18 13:56:05 | INFO     | lottery_bot | Scheduled จีนเช้า VIP at 10:05 (Asia/Bangkok)
2026-08-18 13:56:05 | INFO     | lottery_bot | Scheduled ลาว TV at 10:30 (Asia/Bangkok)
2026-08-18 13:56:05 | INFO     | lottery_bot | Scheduled ฮั่งเส็งเช้า at 11:05 (Asia/Bangkok)
2026-08-18 13:56:05 | INFO     | lottery_bot | Scheduled ฮั่งเส็งเช้า VIP at 10:35 (Asia/Bangkok)
2026-08-18 13:56:05 | INFO     | lottery_bot | Scheduled ฮานอย HD at 11:30 (Asia/Bangkok)
2026-08-18 13:56:05 | INFO     | lottery_bot | Scheduled ไต้หวัน VIP at 11:35 (Asia/Bangkok)
2026-08-18 13:56:05 | INFO     | lottery_bot | Scheduled ฮานอย Star at 12:30 (Asia/Bangkok)
2026-08-18 13:56:05 | INFO     | lottery_bot | Scheduled ไต้หวัน at 12:35 (Asia/Bangkok)
2026-08-18 13:56:05 | INFO     | lottery_bot | Scheduled เกาหลี VIP at 12:35 (Asia/Bangkok)
2026-08-18 13:56:05 | INFO     | lottery_bot | Scheduled นิเคอิบ่าย at 13:30 (Asia/Bangkok)
2026-08-18 13:56:05 | INFO     | lottery_bot | Scheduled นิเคอิบ่าย VIP at 13:25 (Asia/Bangkok)
2026-08-18 13:56:05 | INFO     | lottery_bot | Scheduled หุ้นเกาหลี at 13:30 (Asia/Bangkok)
2026-08-18 13:56:05 | INFO     | lottery_bot | Scheduled ลาว HD at 13:45 (Asia/Bangkok)
2026-08-18 13:56:05 | INFO     | lottery_bot | Scheduled จีนบ่าย at 14:00 (Asia/Bangkok)
2026-08-18 13:56:05 | INFO     | lottery_bot | Scheduled จีนบ่าย VIP at 14:25 (Asia/Bangkok)
2026-08-18 13:56:05 | INFO     | lottery_bot | Scheduled ฮานอย TV at 14:30 (Asia/Bangkok)
2026-08-18 13:56:05 | INFO     | lottery_bot | Scheduled ฮั่งเส็งบ่าย at 15:10 (Asia/Bangkok)
2026-08-18 13:56:05 | INFO     | lottery_bot | Scheduled ฮั่งเส็งบ่าย VIP at 15:25 (Asia/Bangkok)
2026-08-18 13:56:05 | INFO     | lottery_bot | Scheduled ลาว Star at 15:45 (Asia/Bangkok)
2026-08-18 13:56:05 | INFO     | lottery_bot | Scheduled หุ้นสิงคโปร์ at 16:25 (Asia/Bangkok)
2026-08-18 13:56:05 | INFO     | lottery_bot | Scheduled ฮานอย กาชาด at 16:30 (Asia/Bangkok)
2026-08-18 13:56:05 | INFO     | lottery_bot | Scheduled หุ้นไทยเย็น at 16:45 (Asia/Bangkok)
2026-08-18 13:56:05 | INFO     | lottery_bot | Scheduler started
2026-08-18 13:56:05 | INFO     | lottery_bot | Checking pending lotteries due today (Current time: 13:56)...
2026-08-18 13:56:05 | INFO     | lottery_bot | Lottery 'หุ้นเกาหลี' (due at 13:30) has not been sent today. Checking now...
2026-08-18 13:56:05 | INFO     | lottery_bot | Bot is running. Press Ctrl+C to stop.
2026-08-18 13:56:05 | INFO     | lottery_bot | === Start checking หุ้นเกาหลี (polling up to 30 min) ===
2026-08-18 13:56:05 | INFO     | lottery_bot | หุ้นเกาหลี attempt 1/30 (waiting for site to update)...
2026-08-18 13:56:05 | INFO     | lottery_bot | Opening SMLOT report page via Playwright: https://member.smlot.net/reports/reward
2026-08-18 13:56:08 | INFO     | lottery_bot | SMLOT requires login. Logging in with user 'bdd***'...
2026-08-18 13:56:12 | INFO     | lottery_bot | Successfully fetched 41 lottery results from SMLOT
2026-08-18 13:56:12 | INFO     | lottery_bot.parsers | Parsed SMLOT Reward Report → top3=554 bottom2=07
2026-08-18 13:56:12 | INFO     | lottery_bot | Prepared message:
🇰🇷 หุ้นเกาหลี
🔺 5️⃣ 5️⃣ 4️⃣
🔻 0️⃣ 7️⃣
2026-08-18 13:56:13 | INFO     | lottery_bot | LINE Flex Message sent successfully for หุ้นเกาหลี
2026-08-18 13:56:13 | INFO     | lottery_bot | Saved result: หุ้นเกาหลี | 2026-08-18 | top3=554 bottom2=07
2026-08-18 13:56:13 | INFO     | lottery_bot | หุ้นเกาหลี result sent successfully – stop polling
2026-08-18 13:56:17 | INFO     | lottery_bot | หุ้นเกาหลี attempt 7/30 (waiting for site to update)...
2026-08-18 13:56:17 | INFO     | lottery_bot | Opening SMLOT report page via Playwright: https://member.smlot.net/reports/reward
2026-08-18 13:56:19 | INFO     | lottery_bot | SMLOT requires login. Logging in with user 'bdd***'...
2026-08-18 13:56:24 | INFO     | lottery_bot | Successfully fetched 41 lottery results from SMLOT
2026-08-18 13:56:24 | INFO     | lottery_bot.parsers | Parsed SMLOT Reward Report → top3=554 bottom2=07
2026-08-18 13:56:24 | INFO     | lottery_bot | หุ้นเกาหลี was already sent by another process – skip
2026-08-18 13:56:24 | INFO     | lottery_bot | หุ้นเกาหลี result sent successfully – stop polling
2026-08-18 13:58:37 | INFO     | lottery_bot | LineSender initialized for group C3da8f4c...
2026-08-18 13:58:38 | INFO     | lottery_bot | LINE text message sent successfully (23 chars)
2026-08-18 13:58:38 | INFO     | lottery_bot | LINE text message sent successfully (23 chars)
2026-08-18 13:58:38 | INFO     | lottery_bot | LINE text message sent successfully (23 chars)
2026-08-18 13:58:56 | INFO     | lottery_bot | Received signal 2 – shutting down...
2026-08-18 13:58:56 | INFO     | lottery_bot | Scheduler shut down
2026-08-18 13:59:53 | INFO     | lottery_bot | LineSender initialized for group C3da8f4c...
2026-08-18 13:59:53 | INFO     | lottery_bot | LINE text message sent successfully (42 chars)
2026-08-18 14:00:00 | INFO     | lottery_bot | === Start checking จีนบ่าย (polling up to 30 min) ===
2026-08-18 14:00:00 | INFO     | lottery_bot | จีนบ่าย attempt 1/30 (waiting for site to update)...
2026-08-18 14:00:00 | INFO     | lottery_bot | Opening SMLOT report page via Playwright: https://member.smlot.net/reports/reward
2026-08-18 14:00:02 | INFO     | lottery_bot | SMLOT requires login. Logging in with user 'bdd***'...
2026-08-18 14:00:07 | INFO     | lottery_bot | Successfully fetched 41 lottery results from SMLOT
2026-08-18 14:00:07 | ERROR    | lottery_bot.parsers | Parser SMLOT Reward Report failed: SMLOT parser: Result for 'จีนบ่าย' is not yet available on member.smlot.net/reports/reward
2026-08-18 14:00:07 | WARNING  | lottery_bot | ParseError for จีนบ่าย: SMLOT parser: Result for 'จีนบ่าย' is not yet available on member.smlot.net/reports/reward
2026-08-18 14:00:07 | INFO     | lottery_bot | LineSender initialized for group C3da8f4c...
2026-08-18 14:00:20 | INFO     | lottery_bot | LineSender initialized for group C3da8f4c...
2026-08-18 14:00:49 | INFO     | lottery_bot | LineSender initialized for group C3da8f4c...
2026-08-18 14:01:03 | INFO     | lottery_bot | LineSender initialized for group C3da8f4c...
2026-08-18 14:01:07 | INFO     | lottery_bot | จีนบ่าย attempt 2/30 (waiting for site to update)...
2026-08-18 14:01:07 | INFO     | lottery_bot | Opening SMLOT report page via Playwright: https://member.smlot.net/reports/reward
2026-08-18 14:01:09 | INFO     | lottery_bot | SMLOT requires login. Logging in with user 'bdd***'...
2026-08-18 14:01:14 | INFO     | lottery_bot | Successfully fetched 41 lottery results from SMLOT
2026-08-18 14:01:14 | ERROR    | lottery_bot.parsers | Parser SMLOT Reward Report failed: SMLOT parser: Result for 'จีนบ่าย' is not yet available on member.smlot.net/reports/reward
2026-08-18 14:01:14 | WARNING  | lottery_bot | ParseError for จีนบ่าย: SMLOT parser: Result for 'จีนบ่าย' is not yet available on member.smlot.net/reports/reward
2026-08-18 14:01:43 | INFO     | lottery_bot | LineSender initialized for group C3da8f4c...
2026-08-18 14:01:43 | INFO     | lottery_bot | LINE text message sent successfully (48 chars)
2026-08-18 14:02:14 | INFO     | lottery_bot | จีนบ่าย attempt 3/30 (waiting for site to update)...
2026-08-18 14:02:14 | INFO     | lottery_bot | Opening SMLOT report page via Playwright: https://member.smlot.net/reports/reward
2026-08-18 14:02:17 | INFO     | lottery_bot | SMLOT requires login. Logging in with user 'bdd***'...
2026-08-18 14:02:22 | INFO     | lottery_bot | Successfully fetched 41 lottery results from SMLOT
2026-08-18 14:02:22 | ERROR    | lottery_bot.parsers | Parser SMLOT Reward Report failed: SMLOT parser: Result for 'จีนบ่าย' is not yet available on member.smlot.net/reports/reward
2026-08-18 14:02:22 | WARNING  | lottery_bot | ParseError for จีนบ่าย: SMLOT parser: Result for 'จีนบ่าย' is not yet available on member.smlot.net/reports/reward
2026-08-18 14:03:22 | INFO     | lottery_bot | จีนบ่าย attempt 4/30 (waiting for site to update)...
2026-08-18 14:03:22 | INFO     | lottery_bot | Opening SMLOT report page via Playwright: https://member.smlot.net/reports/reward
2026-08-18 14:03:24 | INFO     | lottery_bot | SMLOT requires login. Logging in with user 'bdd***'...
2026-08-18 14:03:29 | INFO     | lottery_bot | Successfully fetched 41 lottery results from SMLOT
2026-08-18 14:03:29 | ERROR    | lottery_bot.parsers | Parser SMLOT Reward Report failed: SMLOT parser: Result for 'จีนบ่าย' is not yet available on member.smlot.net/reports/reward
2026-08-18 14:03:29 | WARNING  | lottery_bot | ParseError for จีนบ่าย: SMLOT parser: Result for 'จีนบ่าย' is not yet available on member.smlot.net/reports/reward
2026-08-18 14:04:24 | INFO     | lottery_bot | ==================================================
2026-08-18 14:04:24 | INFO     | lottery_bot | Lottery Bot starting...
2026-08-18 14:04:24 | INFO     | lottery_bot | ==================================================
2026-08-18 14:04:24 | INFO     | lottery_bot | Database initialized at lottery_results.db
2026-08-18 14:04:24 | INFO     | lottery_bot | LineSender initialized for group C3da8f4c...
2026-08-18 14:04:24 | INFO     | lottery_bot | Loaded 27 lotteries from config.json
2026-08-18 14:04:24 | INFO     | lottery_bot | Scheduled ลาว Extra at 08:30 (Asia/Bangkok)
2026-08-18 14:04:24 | INFO     | lottery_bot | Scheduled ฮานอยอาเซียน at 09:30 (Asia/Bangkok)
2026-08-18 14:04:24 | INFO     | lottery_bot | Scheduled นิเคอิเช้า at 09:30 (Asia/Bangkok)
2026-08-18 14:04:24 | INFO     | lottery_bot | Scheduled นิเคอิเช้า VIP at 09:05 (Asia/Bangkok)
2026-08-18 14:04:24 | INFO     | lottery_bot | Scheduled จีนเช้า at 10:30 (Asia/Bangkok)
2026-08-18 14:04:24 | INFO     | lottery_bot | Scheduled จีนเช้า VIP at 10:05 (Asia/Bangkok)
2026-08-18 14:04:24 | INFO     | lottery_bot | Scheduled ลาว TV at 10:30 (Asia/Bangkok)
2026-08-18 14:04:24 | INFO     | lottery_bot | Scheduled ฮั่งเส็งเช้า at 11:05 (Asia/Bangkok)
2026-08-18 14:04:24 | INFO     | lottery_bot | Scheduled ฮั่งเส็งเช้า VIP at 10:35 (Asia/Bangkok)
2026-08-18 14:04:24 | INFO     | lottery_bot | Scheduled ฮานอย HD at 11:30 (Asia/Bangkok)
2026-08-18 14:04:24 | INFO     | lottery_bot | Scheduled ไต้หวัน VIP at 11:35 (Asia/Bangkok)
2026-08-18 14:04:24 | INFO     | lottery_bot | Scheduled ฮานอย Star at 12:30 (Asia/Bangkok)
2026-08-18 14:04:24 | INFO     | lottery_bot | Scheduled ไต้หวัน at 12:35 (Asia/Bangkok)
2026-08-18 14:04:24 | INFO     | lottery_bot | Scheduled เกาหลี VIP at 12:35 (Asia/Bangkok)
2026-08-18 14:04:24 | INFO     | lottery_bot | Scheduled นิเคอิบ่าย at 13:30 (Asia/Bangkok)
2026-08-18 14:04:24 | INFO     | lottery_bot | Scheduled นิเคอิบ่าย VIP at 13:25 (Asia/Bangkok)
2026-08-18 14:04:24 | INFO     | lottery_bot | Scheduled หุ้นเกาหลี at 13:30 (Asia/Bangkok)
2026-08-18 14:04:24 | INFO     | lottery_bot | Scheduled ลาว HD at 13:45 (Asia/Bangkok)
2026-08-18 14:04:24 | INFO     | lottery_bot | Scheduled จีนบ่าย at 14:00 (Asia/Bangkok)
2026-08-18 14:04:24 | INFO     | lottery_bot | Scheduled จีนบ่าย VIP at 14:25 (Asia/Bangkok)
2026-08-18 14:04:24 | INFO     | lottery_bot | Scheduled ฮานอย TV at 14:30 (Asia/Bangkok)
2026-08-18 14:04:24 | INFO     | lottery_bot | Scheduled ฮั่งเส็งบ่าย at 15:10 (Asia/Bangkok)
2026-08-18 14:04:24 | INFO     | lottery_bot | Scheduled ฮั่งเส็งบ่าย VIP at 15:25 (Asia/Bangkok)
2026-08-18 14:04:24 | INFO     | lottery_bot | Scheduled ลาว Star at 15:45 (Asia/Bangkok)
2026-08-18 14:04:24 | INFO     | lottery_bot | Scheduled หุ้นสิงคโปร์ at 16:25 (Asia/Bangkok)
2026-08-18 14:04:24 | INFO     | lottery_bot | Scheduled ฮานอย กาชาด at 16:30 (Asia/Bangkok)
2026-08-18 14:04:24 | INFO     | lottery_bot | Scheduled หุ้นไทยเย็น at 16:45 (Asia/Bangkok)
2026-08-18 14:04:24 | INFO     | lottery_bot | Scheduler started
2026-08-18 14:04:24 | INFO     | lottery_bot | Checking pending lotteries due today (Current time: 14:04)...
2026-08-18 14:04:24 | INFO     | lottery_bot | Lottery 'จีนบ่าย' (due at 14:00) has not been sent today. Checking now...
2026-08-18 14:04:24 | INFO     | lottery_bot | Bot is running. Press Ctrl+C to stop.
2026-08-18 14:04:24 | INFO     | lottery_bot | === Start checking จีนบ่าย (polling up to 30 min) ===
2026-08-18 14:04:24 | INFO     | lottery_bot | จีนบ่าย attempt 1/30 (waiting for site to update)...
2026-08-18 14:04:25 | INFO     | lottery_bot | Opening SMLOT report page via Playwright: https://member.smlot.net/reports/reward
2026-08-18 14:04:28 | INFO     | lottery_bot | SMLOT requires login. Logging in with user 'bdd***'...
2026-08-18 14:04:29 | INFO     | lottery_bot | จีนบ่าย attempt 5/30 (waiting for site to update)...
2026-08-18 14:04:29 | INFO     | lottery_bot | Opening SMLOT report page via Playwright: https://member.smlot.net/reports/reward
2026-08-18 14:04:33 | INFO     | lottery_bot | SMLOT requires login. Logging in with user 'bdd***'...
2026-08-18 14:04:35 | INFO     | lottery_bot | Successfully fetched 41 lottery results from SMLOT
2026-08-18 14:04:35 | ERROR    | lottery_bot.parsers | Parser SMLOT Reward Report failed: SMLOT parser: Result for 'จีนบ่าย' is not yet available on member.smlot.net/reports/reward
2026-08-18 14:04:35 | WARNING  | lottery_bot | ParseError for จีนบ่าย: SMLOT parser: Result for 'จีนบ่าย' is not yet available on member.smlot.net/reports/reward
2026-08-18 14:04:39 | INFO     | lottery_bot | Successfully fetched 41 lottery results from SMLOT
2026-08-18 14:04:39 | ERROR    | lottery_bot.parsers | Parser SMLOT Reward Report failed: SMLOT parser: Result for 'จีนบ่าย' is not yet available on member.smlot.net/reports/reward
2026-08-18 14:04:39 | WARNING  | lottery_bot | ParseError for จีนบ่าย: SMLOT parser: Result for 'จีนบ่าย' is not yet available on member.smlot.net/reports/reward
2026-08-18 14:05:35 | INFO     | lottery_bot | จีนบ่าย attempt 2/30 (waiting for site to update)...
2026-08-18 14:05:35 | INFO     | lottery_bot | Opening SMLOT report page via Playwright: https://member.smlot.net/reports/reward
2026-08-18 14:05:38 | INFO     | lottery_bot | SMLOT requires login. Logging in with user 'bdd***'...
2026-08-18 14:05:39 | INFO     | lottery_bot | จีนบ่าย attempt 6/30 (waiting for site to update)...
2026-08-18 14:05:39 | INFO     | lottery_bot | Opening SMLOT report page via Playwright: https://member.smlot.net/reports/reward
2026-08-18 14:05:44 | INFO     | lottery_bot | Successfully fetched 43 lottery results from SMLOT
2026-08-18 14:05:44 | INFO     | lottery_bot.parsers | Parsed SMLOT Reward Report → top3=250 bottom2=77
2026-08-18 14:05:44 | INFO     | lottery_bot | Prepared message:
🇨🇳 จีนบ่าย
🔺 2️⃣ 5️⃣ 0️⃣
🔻 7️⃣ 7️⃣
2026-08-18 14:05:44 | INFO     | lottery_bot | SMLOT requires login. Logging in with user 'bdd***'...
2026-08-18 14:05:45 | INFO     | lottery_bot | LINE text message sent successfully (49 chars)
2026-08-18 14:05:45 | INFO     | lottery_bot | Saved result: จีนบ่าย | 2026-08-18 | top3=250 bottom2=77
2026-08-18 14:05:45 | INFO     | lottery_bot | จีนบ่าย result sent successfully – stop polling
2026-08-18 14:05:51 | INFO     | lottery_bot | Successfully fetched 43 lottery results from SMLOT
2026-08-18 14:05:51 | INFO     | lottery_bot.parsers | Parsed SMLOT Reward Report → top3=250 bottom2=77
2026-08-18 14:05:51 | INFO     | lottery_bot | จีนบ่าย was already sent by another process – skip
2026-08-18 14:05:51 | INFO     | lottery_bot | จีนบ่าย result sent successfully – stop polling
2026-08-18 14:08:53 | INFO     | lottery_bot | LineSender initialized for group C3da8f4c...
2026-08-18 14:11:04 | INFO     | lottery_bot | LineSender initialized for group C3da8f4c...
2026-08-18 14:11:04 | INFO     | lottery_bot | LINE Flex Message sent successfully for หุ้นเกาหลี
2026-08-18 14:11:45 | INFO     | lottery_bot | ==================================================
2026-08-18 14:11:45 | INFO     | lottery_bot | Lottery Bot starting...
2026-08-18 14:11:45 | INFO     | lottery_bot | ==================================================
2026-08-18 14:11:45 | INFO     | lottery_bot | Database initialized at lottery_results.db
2026-08-18 14:11:45 | INFO     | lottery_bot | LineSender initialized for group C3da8f4c...
2026-08-18 14:11:45 | INFO     | lottery_bot | Loaded 27 lotteries from config.json
2026-08-18 14:11:45 | INFO     | lottery_bot | Scheduled ลาว Extra at 08:30 (Asia/Bangkok)
2026-08-18 14:11:45 | INFO     | lottery_bot | Scheduled ฮานอยอาเซียน at 09:30 (Asia/Bangkok)
2026-08-18 14:11:45 | INFO     | lottery_bot | Scheduled นิเคอิเช้า at 09:30 (Asia/Bangkok)
2026-08-18 14:11:45 | INFO     | lottery_bot | Scheduled นิเคอิเช้า VIP at 09:05 (Asia/Bangkok)
2026-08-18 14:11:45 | INFO     | lottery_bot | Scheduled จีนเช้า at 10:30 (Asia/Bangkok)
2026-08-18 14:11:45 | INFO     | lottery_bot | Scheduled จีนเช้า VIP at 10:05 (Asia/Bangkok)
2026-08-18 14:11:45 | INFO     | lottery_bot | Scheduled ลาว TV at 10:30 (Asia/Bangkok)
2026-08-18 14:11:45 | INFO     | lottery_bot | Scheduled ฮั่งเส็งเช้า at 11:05 (Asia/Bangkok)
2026-08-18 14:11:45 | INFO     | lottery_bot | Scheduled ฮั่งเส็งเช้า VIP at 10:35 (Asia/Bangkok)
2026-08-18 14:11:45 | INFO     | lottery_bot | Scheduled ฮานอย HD at 11:30 (Asia/Bangkok)
2026-08-18 14:11:45 | INFO     | lottery_bot | Scheduled ไต้หวัน VIP at 11:35 (Asia/Bangkok)
2026-08-18 14:11:45 | INFO     | lottery_bot | Scheduled ฮานอย Star at 12:30 (Asia/Bangkok)
2026-08-18 14:11:45 | INFO     | lottery_bot | Scheduled ไต้หวัน at 12:35 (Asia/Bangkok)
2026-08-18 14:11:45 | INFO     | lottery_bot | Scheduled เกาหลี VIP at 12:35 (Asia/Bangkok)
2026-08-18 14:11:45 | INFO     | lottery_bot | Scheduled นิเคอิบ่าย at 13:30 (Asia/Bangkok)
2026-08-18 14:11:45 | INFO     | lottery_bot | Scheduled นิเคอิบ่าย VIP at 13:25 (Asia/Bangkok)
2026-08-18 14:11:45 | INFO     | lottery_bot | Scheduled หุ้นเกาหลี at 13:30 (Asia/Bangkok)
2026-08-18 14:11:45 | INFO     | lottery_bot | Scheduled ลาว HD at 13:45 (Asia/Bangkok)
2026-08-18 14:11:45 | INFO     | lottery_bot | Scheduled จีนบ่าย at 14:00 (Asia/Bangkok)
2026-08-18 14:11:45 | INFO     | lottery_bot | Scheduled จีนบ่าย VIP at 14:25 (Asia/Bangkok)
2026-08-18 14:11:45 | INFO     | lottery_bot | Scheduled ฮานอย TV at 14:30 (Asia/Bangkok)
2026-08-18 14:11:45 | INFO     | lottery_bot | Scheduled ฮั่งเส็งบ่าย at 15:10 (Asia/Bangkok)
2026-08-18 14:11:45 | INFO     | lottery_bot | Scheduled ฮั่งเส็งบ่าย VIP at 15:25 (Asia/Bangkok)
2026-08-18 14:11:45 | INFO     | lottery_bot | Scheduled ลาว Star at 15:45 (Asia/Bangkok)
2026-08-18 14:11:45 | INFO     | lottery_bot | Scheduled หุ้นสิงคโปร์ at 16:25 (Asia/Bangkok)
2026-08-18 14:11:45 | INFO     | lottery_bot | Scheduled ฮานอย กาชาด at 16:30 (Asia/Bangkok)
2026-08-18 14:11:45 | INFO     | lottery_bot | Scheduled หุ้นไทยเย็น at 16:45 (Asia/Bangkok)
2026-08-18 14:11:45 | INFO     | lottery_bot | Scheduler started
2026-08-18 14:11:45 | INFO     | lottery_bot | Checking pending lotteries due today (Current time: 14:11)...
2026-08-18 14:11:45 | INFO     | lottery_bot | Bot is running. Press Ctrl+C to stop.
2026-08-18 14:13:36 | INFO     | lottery_bot | LineSender initialized for group C3da8f4c...
2026-08-18 14:14:30 | INFO     | lottery_bot | LineSender initialized for group C3da8f4c...
2026-08-18 14:14:33 | INFO     | lottery_bot | Card image uploaded to https://files.catbox.moe/0yn818.png
2026-08-18 14:14:33 | INFO     | lottery_bot | LINE Card ImageMessage sent successfully for หุ้นเกาหลี
2026-08-18 14:14:47 | INFO     | lottery_bot | ==================================================
2026-08-18 14:14:47 | INFO     | lottery_bot | Lottery Bot starting...
2026-08-18 14:14:47 | INFO     | lottery_bot | ==================================================
2026-08-18 14:14:47 | INFO     | lottery_bot | Database initialized at lottery_results.db
2026-08-18 14:14:47 | INFO     | lottery_bot | LineSender initialized for group C3da8f4c...
2026-08-18 14:14:47 | INFO     | lottery_bot | Loaded 27 lotteries from config.json
2026-08-18 14:14:47 | INFO     | lottery_bot | Scheduled ลาว Extra at 08:30 (Asia/Bangkok)
2026-08-18 14:14:47 | INFO     | lottery_bot | Scheduled ฮานอยอาเซียน at 09:30 (Asia/Bangkok)
2026-08-18 14:14:47 | INFO     | lottery_bot | Scheduled นิเคอิเช้า at 09:30 (Asia/Bangkok)
2026-08-18 14:14:47 | INFO     | lottery_bot | Scheduled นิเคอิเช้า VIP at 09:05 (Asia/Bangkok)
2026-08-18 14:14:47 | INFO     | lottery_bot | Scheduled จีนเช้า at 10:30 (Asia/Bangkok)
2026-08-18 14:14:47 | INFO     | lottery_bot | Scheduled จีนเช้า VIP at 10:05 (Asia/Bangkok)
2026-08-18 14:14:47 | INFO     | lottery_bot | Scheduled ลาว TV at 10:30 (Asia/Bangkok)
2026-08-18 14:14:47 | INFO     | lottery_bot | Scheduled ฮั่งเส็งเช้า at 11:05 (Asia/Bangkok)
2026-08-18 14:14:47 | INFO     | lottery_bot | Scheduled ฮั่งเส็งเช้า VIP at 10:35 (Asia/Bangkok)
2026-08-18 14:14:47 | INFO     | lottery_bot | Scheduled ฮานอย HD at 11:30 (Asia/Bangkok)
2026-08-18 14:14:47 | INFO     | lottery_bot | Scheduled ไต้หวัน VIP at 11:35 (Asia/Bangkok)
2026-08-18 14:14:47 | INFO     | lottery_bot | Scheduled ฮานอย Star at 12:30 (Asia/Bangkok)
2026-08-18 14:14:47 | INFO     | lottery_bot | Scheduled ไต้หวัน at 12:35 (Asia/Bangkok)
2026-08-18 14:14:47 | INFO     | lottery_bot | Scheduled เกาหลี VIP at 12:35 (Asia/Bangkok)
2026-08-18 14:14:47 | INFO     | lottery_bot | Scheduled นิเคอิบ่าย at 13:30 (Asia/Bangkok)
2026-08-18 14:14:47 | INFO     | lottery_bot | Scheduled นิเคอิบ่าย VIP at 13:25 (Asia/Bangkok)
2026-08-18 14:14:47 | INFO     | lottery_bot | Scheduled หุ้นเกาหลี at 13:30 (Asia/Bangkok)
2026-08-18 14:14:47 | INFO     | lottery_bot | Scheduled ลาว HD at 13:45 (Asia/Bangkok)
2026-08-18 14:14:47 | INFO     | lottery_bot | Scheduled จีนบ่าย at 14:00 (Asia/Bangkok)
2026-08-18 14:14:47 | INFO     | lottery_bot | Scheduled จีนบ่าย VIP at 14:25 (Asia/Bangkok)
2026-08-18 14:14:47 | INFO     | lottery_bot | Scheduled ฮานอย TV at 14:30 (Asia/Bangkok)
2026-08-18 14:14:47 | INFO     | lottery_bot | Scheduled ฮั่งเส็งบ่าย at 15:10 (Asia/Bangkok)
2026-08-18 14:14:47 | INFO     | lottery_bot | Scheduled ฮั่งเส็งบ่าย VIP at 15:25 (Asia/Bangkok)
2026-08-18 14:14:47 | INFO     | lottery_bot | Scheduled ลาว Star at 15:45 (Asia/Bangkok)
2026-08-18 14:14:47 | INFO     | lottery_bot | Scheduled หุ้นสิงคโปร์ at 16:25 (Asia/Bangkok)
2026-08-18 14:14:47 | INFO     | lottery_bot | Scheduled ฮานอย กาชาด at 16:30 (Asia/Bangkok)
2026-08-18 14:14:47 | INFO     | lottery_bot | Scheduled หุ้นไทยเย็น at 16:45 (Asia/Bangkok)
2026-08-18 14:14:47 | INFO     | lottery_bot | Scheduler started
2026-08-18 14:14:47 | INFO     | lottery_bot | Checking pending lotteries due today (Current time: 14:14)...
2026-08-18 14:14:47 | INFO     | lottery_bot | Bot is running. Press Ctrl+C to stop.
2026-08-18 14:16:47 | INFO     | lottery_bot | ==================================================
2026-08-18 14:16:47 | INFO     | lottery_bot | Lottery Bot starting...
2026-08-18 14:16:47 | INFO     | lottery_bot | ==================================================
2026-08-18 14:16:47 | INFO     | lottery_bot | Database initialized at lottery_results.db
2026-08-18 14:16:47 | INFO     | lottery_bot | LineSender initialized for group C3da8f4c...
2026-08-18 14:16:47 | INFO     | lottery_bot | Loaded 27 lotteries from config.json
2026-08-18 14:16:47 | INFO     | lottery_bot | Scheduled ลาว Extra at 08:30 (Asia/Bangkok)
2026-08-18 14:16:47 | INFO     | lottery_bot | Scheduled ฮานอยอาเซียน at 09:30 (Asia/Bangkok)
2026-08-18 14:16:47 | INFO     | lottery_bot | Scheduled นิเคอิเช้า at 09:30 (Asia/Bangkok)
2026-08-18 14:16:47 | INFO     | lottery_bot | Scheduled นิเคอิเช้า VIP at 09:05 (Asia/Bangkok)
2026-08-18 14:16:47 | INFO     | lottery_bot | Scheduled จีนเช้า at 10:30 (Asia/Bangkok)
2026-08-18 14:16:47 | INFO     | lottery_bot | Scheduled จีนเช้า VIP at 10:05 (Asia/Bangkok)
2026-08-18 14:16:47 | INFO     | lottery_bot | Scheduled ลาว TV at 10:30 (Asia/Bangkok)
2026-08-18 14:16:47 | INFO     | lottery_bot | Scheduled ฮั่งเส็งเช้า at 11:05 (Asia/Bangkok)
2026-08-18 14:16:47 | INFO     | lottery_bot | Scheduled ฮั่งเส็งเช้า VIP at 10:35 (Asia/Bangkok)
2026-08-18 14:16:47 | INFO     | lottery_bot | Scheduled ฮานอย HD at 11:30 (Asia/Bangkok)
2026-08-18 14:16:47 | INFO     | lottery_bot | Scheduled ไต้หวัน VIP at 11:35 (Asia/Bangkok)
2026-08-18 14:16:47 | INFO     | lottery_bot | Scheduled ฮานอย Star at 12:30 (Asia/Bangkok)
2026-08-18 14:16:47 | INFO     | lottery_bot | Scheduled ไต้หวัน at 12:35 (Asia/Bangkok)
2026-08-18 14:16:47 | INFO     | lottery_bot | Scheduled เกาหลี VIP at 12:35 (Asia/Bangkok)
2026-08-18 14:16:47 | INFO     | lottery_bot | Scheduled นิเคอิบ่าย at 13:30 (Asia/Bangkok)
2026-08-18 14:16:47 | INFO     | lottery_bot | Scheduled นิเคอิบ่าย VIP at 13:25 (Asia/Bangkok)
2026-08-18 14:16:47 | INFO     | lottery_bot | Scheduled หุ้นเกาหลี at 13:30 (Asia/Bangkok)
2026-08-18 14:16:47 | INFO     | lottery_bot | Scheduled ลาว HD at 13:45 (Asia/Bangkok)
2026-08-18 14:16:47 | INFO     | lottery_bot | Scheduled จีนบ่าย at 14:00 (Asia/Bangkok)
2026-08-18 14:16:47 | INFO     | lottery_bot | Scheduled จีนบ่าย VIP at 14:25 (Asia/Bangkok)
2026-08-18 14:16:47 | INFO     | lottery_bot | Scheduled ฮานอย TV at 14:30 (Asia/Bangkok)
2026-08-18 14:16:47 | INFO     | lottery_bot | Scheduled ฮั่งเส็งบ่าย at 15:10 (Asia/Bangkok)
2026-08-18 14:16:47 | INFO     | lottery_bot | Scheduled ฮั่งเส็งบ่าย VIP at 15:25 (Asia/Bangkok)
2026-08-18 14:16:47 | INFO     | lottery_bot | Scheduled ลาว Star at 15:45 (Asia/Bangkok)
2026-08-18 14:16:47 | INFO     | lottery_bot | Scheduled หุ้นสิงคโปร์ at 16:25 (Asia/Bangkok)
2026-08-18 14:16:47 | INFO     | lottery_bot | Scheduled ฮานอย กาชาด at 16:30 (Asia/Bangkok)
2026-08-18 14:16:47 | INFO     | lottery_bot | Scheduled หุ้นไทยเย็น at 16:45 (Asia/Bangkok)
2026-08-18 14:16:48 | INFO     | lottery_bot | Scheduler started
2026-08-18 14:16:48 | INFO     | lottery_bot | Checking pending lotteries due today (Current time: 14:16)...
2026-08-18 14:16:48 | INFO     | lottery_bot | Bot is running. Press Ctrl+C to stop.
2026-08-18 14:25:00 | INFO     | lottery_bot | === Start checking จีนบ่าย VIP (polling up to 30 min) ===
2026-08-18 14:25:00 | INFO     | lottery_bot | จีนบ่าย VIP attempt 1/30 (waiting for site to update)...
2026-08-18 14:25:00 | INFO     | lottery_bot | Opening SMLOT report page via Playwright: https://member.smlot.net/reports/reward
2026-08-18 14:25:07 | INFO     | lottery_bot | SMLOT requires login. Logging in with user 'bdd***'...
2026-08-18 14:25:11 | INFO     | lottery_bot | Successfully fetched 44 lottery results from SMLOT
2026-08-18 14:25:11 | ERROR    | lottery_bot.parsers | Parser SMLOT Reward Report failed: SMLOT parser: Result for 'จีนบ่าย VIP' is not yet available on member.smlot.net/reports/reward
2026-08-18 14:25:11 | WARNING  | lottery_bot | ParseError for จีนบ่าย VIP: SMLOT parser: Result for 'จีนบ่าย VIP' is not yet available on member.smlot.net/reports/reward
2026-08-18 14:26:11 | INFO     | lottery_bot | จีนบ่าย VIP attempt 2/30 (waiting for site to update)...
2026-08-18 14:26:11 | INFO     | lottery_bot | Opening SMLOT report page via Playwright: https://member.smlot.net/reports/reward
2026-08-18 14:26:14 | INFO     | lottery_bot | SMLOT requires login. Logging in with user 'bdd***'...
2026-08-18 14:26:19 | INFO     | lottery_bot | Successfully fetched 44 lottery results from SMLOT
2026-08-18 14:26:19 | ERROR    | lottery_bot.parsers | Parser SMLOT Reward Report failed: SMLOT parser: Result for 'จีนบ่าย VIP' is not yet available on member.smlot.net/reports/reward
2026-08-18 14:26:19 | WARNING  | lottery_bot | ParseError for จีนบ่าย VIP: SMLOT parser: Result for 'จีนบ่าย VIP' is not yet available on member.smlot.net/reports/reward
2026-08-18 14:27:19 | INFO     | lottery_bot | จีนบ่าย VIP attempt 3/30 (waiting for site to update)...
2026-08-18 14:27:19 | INFO     | lottery_bot | Opening SMLOT report page via Playwright: https://member.smlot.net/reports/reward
2026-08-18 14:27:22 | INFO     | lottery_bot | SMLOT requires login. Logging in with user 'bdd***'...
2026-08-18 14:27:26 | INFO     | lottery_bot | Successfully fetched 44 lottery results from SMLOT
2026-08-18 14:27:26 | ERROR    | lottery_bot.parsers | Parser SMLOT Reward Report failed: SMLOT parser: Result for 'จีนบ่าย VIP' is not yet available on member.smlot.net/reports/reward
2026-08-18 14:27:26 | WARNING  | lottery_bot | ParseError for จีนบ่าย VIP: SMLOT parser: Result for 'จีนบ่าย VIP' is not yet available on member.smlot.net/reports/reward
2026-08-18 14:28:26 | INFO     | lottery_bot | จีนบ่าย VIP attempt 4/30 (waiting for site to update)...
2026-08-18 14:28:26 | INFO     | lottery_bot | Opening SMLOT report page via Playwright: https://member.smlot.net/reports/reward
2026-08-18 14:28:28 | INFO     | lottery_bot | SMLOT requires login. Logging in with user 'bdd***'...
2026-08-18 14:28:33 | INFO     | lottery_bot | Successfully fetched 44 lottery results from SMLOT
2026-08-18 14:28:33 | ERROR    | lottery_bot.parsers | Parser SMLOT Reward Report failed: SMLOT parser: Result for 'จีนบ่าย VIP' is not yet available on member.smlot.net/reports/reward
2026-08-18 14:28:33 | WARNING  | lottery_bot | ParseError for จีนบ่าย VIP: SMLOT parser: Result for 'จีนบ่าย VIP' is not yet available on member.smlot.net/reports/reward
2026-08-18 14:29:33 | INFO     | lottery_bot | จีนบ่าย VIP attempt 5/30 (waiting for site to update)...
2026-08-18 14:29:33 | INFO     | lottery_bot | Opening SMLOT report page via Playwright: https://member.smlot.net/reports/reward
2026-08-18 14:29:36 | INFO     | lottery_bot | SMLOT requires login. Logging in with user 'bdd***'...
2026-08-18 14:29:43 | INFO     | lottery_bot | Successfully fetched 46 lottery results from SMLOT
2026-08-18 14:29:43 | INFO     | lottery_bot.parsers | Parsed SMLOT Reward Report → top3=024 bottom2=08
2026-08-18 14:29:43 | INFO     | lottery_bot | Prepared message:
⭐🇨🇳 จีนบ่าย VIP
🔺 0️⃣ 2️⃣ 4️⃣
🔻 0️⃣ 8️⃣
2026-08-18 14:29:45 | INFO     | lottery_bot | Card image uploaded to https://files.catbox.moe/1ga14d.png
2026-08-18 14:29:45 | INFO     | lottery_bot | LINE Card ImageMessage sent successfully for จีนบ่าย VIP
2026-08-18 14:29:45 | INFO     | lottery_bot | Saved result: จีนบ่าย VIP | 2026-08-18 | top3=024 bottom2=08
2026-08-18 14:29:45 | INFO     | lottery_bot | จีนบ่าย VIP result sent successfully – stop polling
2026-08-18 14:30:00 | INFO     | lottery_bot | === Start checking ฮานอย TV (polling up to 30 min) ===
2026-08-18 14:30:00 | INFO     | lottery_bot | ฮานอย TV attempt 1/30 (waiting for site to update)...
2026-08-18 14:30:00 | ERROR    | lottery_bot.parsers | Parser SMLOT Reward Report failed: SMLOT parser: Result for 'ฮานอย TV' is not yet available on member.smlot.net/reports/reward
2026-08-18 14:30:00 | WARNING  | lottery_bot | ParseError for ฮานอย TV: SMLOT parser: Result for 'ฮานอย TV' is not yet available on member.smlot.net/reports/reward
2026-08-18 14:30:11 | INFO     | lottery_bot | LineSender initialized for group C3da8f4c...
2026-08-18 14:30:11 | ERROR    | lottery_bot | Failed to send LINE Flex Message for หุ้นเกาหลี: (400)
Reason: Bad Request
HTTP response headers: HTTPHeaderDict({'Server': 'legy', 'Content-Type': 'application/json', 'x-content-type-options': 'nosniff', 'x-frame-options': 'DENY', 'x-line-request-id': '13eb9bfc-9818-451b-8c43-099c1a5d88c5', 'x-xss-protection': '1; mode=block', 'Content-Length': '170', 'Expires': 'Tue, 18 Aug 2026 07:30:10 GMT', 'Cache-Control': 'max-age=0, no-cache, no-store', 'Pragma': 'no-cache', 'Date': 'Tue, 18 Aug 2026 07:30:10 GMT', 'Connection': 'close'})
HTTP response body: {"message":"A message (messages[0]) in the request body is invalid","details":[{"message":"size must be between 0 and 1000","property":"/footer/contents/0/action/uri"}]}
Traceback (most recent call last):
  File "F:\Users\999\Desktop\บอทหวย\lotto_line_bot\line_sender.py", line 223, in send_result_flex
    api.push_message(
    ~~~~~~~~~~~~~~~~^
        PushMessageRequest(
        ^^^^^^^^^^^^^^^^^^^
    ...<2 lines>...
        )
        ^
    )
    ^
  File "C:\Users\999\AppData\Local\Packages\PythonSoftwareFoundation.Python.3.13_qbz5n2kfra8p0\LocalCache\local-packages\Python313\site-packages\pydantic\v1\decorator.py", line 40, in wrapper_function
    return vd.call(*args, **kwargs)
           ~~~~~~~^^^^^^^^^^^^^^^^^
  File "C:\Users\999\AppData\Local\Packages\PythonSoftwareFoundation.Python.3.13_qbz5n2kfra8p0\LocalCache\local-packages\Python313\site-packages\pydantic\v1\decorator.py", line 134, in call
    return self.execute(m)
           ~~~~~~~~~~~~^^^
  File "C:\Users\999\AppData\Local\Packages\PythonSoftwareFoundation.Python.3.13_qbz5n2kfra8p0\LocalCache\local-packages\Python313\site-packages\pydantic\v1\decorator.py", line 206, in execute
    return self.raw_function(**d, **var_kwargs)
           ~~~~~~~~~~~~~~~~~^^^^^^^^^^^^^^^^^^^
  File "C:\Users\999\AppData\Local\Packages\PythonSoftwareFoundation.Python.3.13_qbz5n2kfra8p0\LocalCache\local-packages\Python313\site-packages\linebot\v3\messaging\api\messaging_api.py", line 7249, in push_message
    return self.push_message_with_http_info(push_message_request, x_line_retry_key, **kwargs)  # noqa: E501
           ~~~~~~~~~~~~~~~~~~~~~~~~~~~~~~~~^^^^^^^^^^^^^^^^^^^^^^^^^^^^^^^^^^^^^^^^^^^^^^^^^^
  File "C:\Users\999\AppData\Local\Packages\PythonSoftwareFoundation.Python.3.13_qbz5n2kfra8p0\LocalCache\local-packages\Python313\site-packages\pydantic\v1\decorator.py", line 40, in wrapper_function
    return vd.call(*args, **kwargs)
           ~~~~~~~^^^^^^^^^^^^^^^^^
  File "C:\Users\999\AppData\Local\Packages\PythonSoftwareFoundation.Python.3.13_qbz5n2kfra8p0\LocalCache\local-packages\Python313\site-packages\pydantic\v1\decorator.py", line 134, in call
    return self.execute(m)
           ~~~~~~~~~~~~^^^
  File "C:\Users\999\AppData\Local\Packages\PythonSoftwareFoundation.Python.3.13_qbz5n2kfra8p0\LocalCache\local-packages\Python313\site-packages\pydantic\v1\decorator.py", line 206, in execute
    return self.raw_function(**d, **var_kwargs)
           ~~~~~~~~~~~~~~~~~^^^^^^^^^^^^^^^^^^^
  File "C:\Users\999\AppData\Local\Packages\PythonSoftwareFoundation.Python.3.13_qbz5n2kfra8p0\LocalCache\local-packages\Python313\site-packages\linebot\v3\messaging\api\messaging_api.py", line 7362, in push_message_with_http_info
    return self.api_client.call_api(
           ~~~~~~~~~~~~~~~~~~~~~~~~^
        '/v2/bot/message/push', 'POST',
        ^^^^^^^^^^^^^^^^^^^^^^^^^^^^^^^
    ...<13 lines>...
        collection_formats=_collection_formats,
        ^^^^^^^^^^^^^^^^^^^^^^^^^^^^^^^^^^^^^^^
        _request_auth=_params.get('_request_auth'))
        ^^^^^^^^^^^^^^^^^^^^^^^^^^^^^^^^^^^^^^^^^^^
  File "C:\Users\999\AppData\Local\Packages\PythonSoftwareFoundation.Python.3.13_qbz5n2kfra8p0\LocalCache\local-packages\Python313\site-packages\linebot\v3\messaging\api_client.py", line 407, in call_api
    return self.__call_api(resource_path, method,
           ~~~~~~~~~~~~~~~^^^^^^^^^^^^^^^^^^^^^^^
                           path_params, query_params, header_params,
                           ^^^^^^^^^^^^^^^^^^^^^^^^^^^^^^^^^^^^^^^^^
    ...<3 lines>...
                           _preload_content, _request_timeout, _host,
                           ^^^^^^^^^^^^^^^^^^^^^^^^^^^^^^^^^^^^^^^^^^
                           _request_auth)
                           ^^^^^^^^^^^^^^
  File "C:\Users\999\AppData\Local\Packages\PythonSoftwareFoundation.Python.3.13_qbz5n2kfra8p0\LocalCache\local-packages\Python313\site-packages\linebot\v3\messaging\api_client.py", line 222, in __call_api
    raise e
  File "C:\Users\999\AppData\Local\Packages\PythonSoftwareFoundation.Python.3.13_qbz5n2kfra8p0\LocalCache\local-packages\Python313\site-packages\linebot\v3\messaging\api_client.py", line 212, in __call_api
    response_data = self.request(
        method, url,
    ...<3 lines>...
        _preload_content=_preload_content,
        _request_timeout=_request_timeout)
  File "C:\Users\999\AppData\Local\Packages\PythonSoftwareFoundation.Python.3.13_qbz5n2kfra8p0\LocalCache\local-packages\Python313\site-packages\linebot\v3\messaging\api_client.py", line 451, in request
    return self.rest_client.post_request(url,
           ~~~~~~~~~~~~~~~~~~~~~~~~~~~~~^^^^^
                                 query_params=query_params,
                                 ^^^^^^^^^^^^^^^^^^^^^^^^^^
    ...<3 lines>...
                                 _request_timeout=_request_timeout,
                                 ^^^^^^^^^^^^^^^^^^^^^^^^^^^^^^^^^^
                                 body=body)
                                 ^^^^^^^^^^
  File "C:\Users\999\AppData\Local\Packages\PythonSoftwareFoundation.Python.3.13_qbz5n2kfra8p0\LocalCache\local-packages\Python313\site-packages\linebot\v3\messaging\rest.py", line 270, in post_request
    return self.request("POST", url,
           ~~~~~~~~~~~~^^^^^^^^^^^^^
                        headers=headers,
                        ^^^^^^^^^^^^^^^^
    ...<3 lines>...
                        _request_timeout=_request_timeout,
                        ^^^^^^^^^^^^^^^^^^^^^^^^^^^^^^^^^^
                        body=body)
                        ^^^^^^^^^^
  File "C:\Users\999\AppData\Local\Packages\PythonSoftwareFoundation.Python.3.13_qbz5n2kfra8p0\LocalCache\local-packages\Python313\site-packages\linebot\v3\messaging\rest.py", line 229, in request
    raise ApiException(http_resp=r)
linebot.v3.messaging.exceptions.ApiException: (400)
Reason: Bad Request
HTTP response headers: HTTPHeaderDict({'Server': 'legy', 'Content-Type': 'application/json', 'x-content-type-options': 'nosniff', 'x-frame-options': 'DENY', 'x-line-request-id': '13eb9bfc-9818-451b-8c43-099c1a5d88c5', 'x-xss-protection': '1; mode=block', 'Content-Length': '170', 'Expires': 'Tue, 18 Aug 2026 07:30:10 GMT', 'Cache-Control': 'max-age=0, no-cache, no-store', 'Pragma': 'no-cache', 'Date': 'Tue, 18 Aug 2026 07:30:10 GMT', 'Connection': 'close'})
HTTP response body: {"message":"A message (messages[0]) in the request body is invalid","details":[{"message":"size must be between 0 and 1000","property":"/footer/contents/0/action/uri"}]}

2026-08-18 14:30:12 | INFO     | lottery_bot | LINE text message sent successfully (36 chars)
2026-08-18 14:30:54 | INFO     | lottery_bot | LineSender initialized for group C3da8f4c...
2026-08-18 14:30:54 | INFO     | lottery_bot | LINE Flex Message sent successfully for หุ้นเกาหลี
2026-08-18 14:31:00 | INFO     | lottery_bot | ฮานอย TV attempt 2/30 (waiting for site to update)...
2026-08-18 14:31:00 | INFO     | lottery_bot | Opening SMLOT report page via Playwright: https://member.smlot.net/reports/reward
2026-08-18 14:31:11 | INFO     | lottery_bot | SMLOT requires login. Logging in with user 'bdd***'...
2026-08-18 14:31:17 | INFO     | lottery_bot | Successfully fetched 46 lottery results from SMLOT
2026-08-18 14:31:17 | ERROR    | lottery_bot.parsers | Parser SMLOT Reward Report failed: SMLOT parser: Result for 'ฮานอย TV' is not yet available on member.smlot.net/reports/reward
2026-08-18 14:31:17 | WARNING  | lottery_bot | ParseError for ฮานอย TV: SMLOT parser: Result for 'ฮานอย TV' is not yet available on member.smlot.net/reports/reward
2026-08-18 14:31:51 | INFO     | lottery_bot | ==================================================
2026-08-18 14:31:51 | INFO     | lottery_bot | Lottery Bot starting...
2026-08-18 14:31:51 | INFO     | lottery_bot | ==================================================
2026-08-18 14:31:51 | INFO     | lottery_bot | Database initialized at lottery_results.db
2026-08-18 14:31:51 | INFO     | lottery_bot | LineSender initialized for group C3da8f4c...
2026-08-18 14:31:51 | INFO     | lottery_bot | Loaded 27 lotteries from config.json
2026-08-18 14:31:51 | INFO     | lottery_bot | Scheduled ลาว Extra at 08:30 (Asia/Bangkok)
2026-08-18 14:31:51 | INFO     | lottery_bot | Scheduled ฮานอยอาเซียน at 09:30 (Asia/Bangkok)
2026-08-18 14:31:51 | INFO     | lottery_bot | Scheduled นิเคอิเช้า at 09:30 (Asia/Bangkok)
2026-08-18 14:31:51 | INFO     | lottery_bot | Scheduled นิเคอิเช้า VIP at 09:05 (Asia/Bangkok)
2026-08-18 14:31:51 | INFO     | lottery_bot | Scheduled จีนเช้า at 10:30 (Asia/Bangkok)
2026-08-18 14:31:51 | INFO     | lottery_bot | Scheduled จีนเช้า VIP at 10:05 (Asia/Bangkok)
2026-08-18 14:31:51 | INFO     | lottery_bot | Scheduled ลาว TV at 10:30 (Asia/Bangkok)
2026-08-18 14:31:51 | INFO     | lottery_bot | Scheduled ฮั่งเส็งเช้า at 11:05 (Asia/Bangkok)
2026-08-18 14:31:51 | INFO     | lottery_bot | Scheduled ฮั่งเส็งเช้า VIP at 10:35 (Asia/Bangkok)
2026-08-18 14:31:51 | INFO     | lottery_bot | Scheduled ฮานอย HD at 11:30 (Asia/Bangkok)
2026-08-18 14:31:51 | INFO     | lottery_bot | Scheduled ไต้หวัน VIP at 11:35 (Asia/Bangkok)
2026-08-18 14:31:51 | INFO     | lottery_bot | Scheduled ฮานอย Star at 12:30 (Asia/Bangkok)
2026-08-18 14:31:51 | INFO     | lottery_bot | Scheduled ไต้หวัน at 12:35 (Asia/Bangkok)
2026-08-18 14:31:51 | INFO     | lottery_bot | Scheduled เกาหลี VIP at 12:35 (Asia/Bangkok)
2026-08-18 14:31:51 | INFO     | lottery_bot | Scheduled นิเคอิบ่าย at 13:30 (Asia/Bangkok)
2026-08-18 14:31:51 | INFO     | lottery_bot | Scheduled นิเคอิบ่าย VIP at 13:25 (Asia/Bangkok)
2026-08-18 14:31:51 | INFO     | lottery_bot | Scheduled หุ้นเกาหลี at 13:30 (Asia/Bangkok)
2026-08-18 14:31:51 | INFO     | lottery_bot | Scheduled ลาว HD at 13:45 (Asia/Bangkok)
2026-08-18 14:31:51 | INFO     | lottery_bot | Scheduled จีนบ่าย at 14:00 (Asia/Bangkok)
2026-08-18 14:31:51 | INFO     | lottery_bot | Scheduled จีนบ่าย VIP at 14:25 (Asia/Bangkok)
2026-08-18 14:31:51 | INFO     | lottery_bot | Scheduled ฮานอย TV at 14:30 (Asia/Bangkok)
2026-08-18 14:31:51 | INFO     | lottery_bot | Scheduled ฮั่งเส็งบ่าย at 15:10 (Asia/Bangkok)
2026-08-18 14:31:51 | INFO     | lottery_bot | Scheduled ฮั่งเส็งบ่าย VIP at 15:25 (Asia/Bangkok)
2026-08-18 14:31:51 | INFO     | lottery_bot | Scheduled ลาว Star at 15:45 (Asia/Bangkok)
2026-08-18 14:31:51 | INFO     | lottery_bot | Scheduled หุ้นสิงคโปร์ at 16:25 (Asia/Bangkok)
2026-08-18 14:31:51 | INFO     | lottery_bot | Scheduled ฮานอย กาชาด at 16:30 (Asia/Bangkok)
2026-08-18 14:31:51 | INFO     | lottery_bot | Scheduled หุ้นไทยเย็น at 16:45 (Asia/Bangkok)
2026-08-18 14:31:51 | INFO     | lottery_bot | Scheduler started
2026-08-18 14:31:51 | INFO     | lottery_bot | Checking pending lotteries due today (Current time: 14:31)...
2026-08-18 14:31:51 | INFO     | lottery_bot | Lottery 'ฮานอย TV' (due at 14:30) has not been sent today. Checking now...
2026-08-18 14:31:51 | INFO     | lottery_bot | Bot is running. Press Ctrl+C to stop.
2026-08-18 14:31:51 | INFO     | lottery_bot | === Start checking ฮานอย TV (polling up to 30 min) ===
2026-08-18 14:31:51 | INFO     | lottery_bot | ฮานอย TV attempt 1/30 (waiting for site to update)...
2026-08-18 14:31:51 | INFO     | lottery_bot | Opening SMLOT report page via Playwright: https://member.smlot.net/reports/reward
2026-08-18 14:31:56 | INFO     | lottery_bot | SMLOT requires login. Logging in with user 'bdd***'...
2026-08-18 14:32:01 | INFO     | lottery_bot | Successfully fetched 46 lottery results from SMLOT
2026-08-18 14:32:01 | ERROR    | lottery_bot.parsers | Parser SMLOT Reward Report failed: SMLOT parser: Result for 'ฮานอย TV' is not yet available on member.smlot.net/reports/reward
2026-08-18 14:32:01 | WARNING  | lottery_bot | ParseError for ฮานอย TV: SMLOT parser: Result for 'ฮานอย TV' is not yet available on member.smlot.net/reports/reward
2026-08-18 14:32:17 | INFO     | lottery_bot | ฮานอย TV attempt 3/30 (waiting for site to update)...
2026-08-18 14:32:17 | INFO     | lottery_bot | Opening SMLOT report page via Playwright: https://member.smlot.net/reports/reward
2026-08-18 14:32:22 | INFO     | lottery_bot | SMLOT requires login. Logging in with user 'bdd***'...
2026-08-18 14:32:28 | INFO     | lottery_bot | Successfully fetched 46 lottery results from SMLOT
2026-08-18 14:32:28 | ERROR    | lottery_bot.parsers | Parser SMLOT Reward Report failed: SMLOT parser: Result for 'ฮานอย TV' is not yet available on member.smlot.net/reports/reward
2026-08-18 14:32:28 | WARNING  | lottery_bot | ParseError for ฮานอย TV: SMLOT parser: Result for 'ฮานอย TV' is not yet available on member.smlot.net/reports/reward
2026-08-18 14:33:01 | INFO     | lottery_bot | ฮานอย TV attempt 2/30 (waiting for site to update)...
2026-08-18 14:33:01 | INFO     | lottery_bot | Opening SMLOT report page via Playwright: https://member.smlot.net/reports/reward
2026-08-18 14:33:03 | INFO     | lottery_bot | SMLOT requires login. Logging in with user 'bdd***'...
2026-08-18 14:33:10 | INFO     | lottery_bot | Successfully fetched 46 lottery results from SMLOT
2026-08-18 14:33:10 | ERROR    | lottery_bot.parsers | Parser SMLOT Reward Report failed: SMLOT parser: Result for 'ฮานอย TV' is not yet available on member.smlot.net/reports/reward
2026-08-18 14:33:10 | WARNING  | lottery_bot | ParseError for ฮานอย TV: SMLOT parser: Result for 'ฮานอย TV' is not yet available on member.smlot.net/reports/reward
2026-08-18 14:33:28 | INFO     | lottery_bot | ฮานอย TV attempt 4/30 (waiting for site to update)...
2026-08-18 14:33:28 | INFO     | lottery_bot | Opening SMLOT report page via Playwright: https://member.smlot.net/reports/reward
2026-08-18 14:33:30 | INFO     | lottery_bot | SMLOT requires login. Logging in with user 'bdd***'...
2026-08-18 14:33:35 | INFO     | lottery_bot | Successfully fetched 46 lottery results from SMLOT
2026-08-18 14:33:35 | ERROR    | lottery_bot.parsers | Parser SMLOT Reward Report failed: SMLOT parser: Result for 'ฮานอย TV' is not yet available on member.smlot.net/reports/reward
2026-08-18 14:33:35 | WARNING  | lottery_bot | ParseError for ฮานอย TV: SMLOT parser: Result for 'ฮานอย TV' is not yet available on member.smlot.net/reports/reward
2026-08-18 14:34:10 | INFO     | lottery_bot | ฮานอย TV attempt 3/30 (waiting for site to update)...
2026-08-18 14:34:10 | INFO     | lottery_bot | Opening SMLOT report page via Playwright: https://member.smlot.net/reports/reward
2026-08-18 14:34:13 | INFO     | lottery_bot | SMLOT requires login. Logging in with user 'bdd***'...
2026-08-18 14:34:17 | INFO     | lottery_bot | Successfully fetched 48 lottery results from SMLOT
2026-08-18 14:34:17 | INFO     | lottery_bot.parsers | Parsed SMLOT Reward Report → top3=466 bottom2=62
2026-08-18 14:34:17 | INFO     | lottery_bot | Prepared message:
🇻🇳 ฮานอย TV
🔺 4️⃣ 6️⃣ 6️⃣
🔻 6️⃣ 2️⃣
2026-08-18 14:34:17 | INFO     | lottery_bot | LINE Flex Message sent successfully for ฮานอย TV
2026-08-18 14:34:18 | INFO     | lottery_bot | Saved result: ฮานอย TV | 2026-08-18 | top3=466 bottom2=62
2026-08-18 14:34:18 | INFO     | lottery_bot | ฮานอย TV result sent successfully – stop polling
2026-08-18 14:34:35 | INFO     | lottery_bot | ฮานอย TV attempt 5/30 (waiting for site to update)...
2026-08-18 14:34:35 | INFO     | lottery_bot | Opening SMLOT report page via Playwright: https://member.smlot.net/reports/reward
2026-08-18 14:34:37 | INFO     | lottery_bot | SMLOT requires login. Logging in with user 'bdd***'...
2026-08-18 14:34:42 | INFO     | lottery_bot | Successfully fetched 48 lottery results from SMLOT
2026-08-18 14:34:42 | INFO     | lottery_bot.parsers | Parsed SMLOT Reward Report → top3=466 bottom2=62
2026-08-18 14:34:42 | INFO     | lottery_bot | ฮานอย TV was already sent by another process – skip
2026-08-18 14:34:42 | INFO     | lottery_bot | ฮานอย TV result sent successfully – stop polling
2026-08-18 14:44:50 | INFO     | lottery_bot | ==================================================
2026-08-18 14:44:50 | INFO     | lottery_bot | Lottery Bot starting...
2026-08-18 14:44:50 | INFO     | lottery_bot | ==================================================
2026-08-18 14:44:50 | INFO     | lottery_bot | Database initialized at lottery_results.db
2026-08-18 14:44:50 | INFO     | lottery_bot | LineSender initialized for group C3da8f4c...
2026-08-18 14:44:50 | INFO     | lottery_bot | Loaded 27 lotteries from config.json
2026-08-18 14:44:50 | INFO     | lottery_bot | Scheduled ลาว Extra at 08:30 (Asia/Bangkok)
2026-08-18 14:44:50 | INFO     | lottery_bot | Scheduled ฮานอยอาเซียน at 09:30 (Asia/Bangkok)
2026-08-18 14:44:50 | INFO     | lottery_bot | Scheduled นิเคอิเช้า at 09:30 (Asia/Bangkok)
2026-08-18 14:44:50 | INFO     | lottery_bot | Scheduled นิเคอิเช้า VIP at 09:05 (Asia/Bangkok)
2026-08-18 14:44:50 | INFO     | lottery_bot | Scheduled จีนเช้า at 10:30 (Asia/Bangkok)
2026-08-18 14:44:50 | INFO     | lottery_bot | Scheduled จีนเช้า VIP at 10:05 (Asia/Bangkok)
2026-08-18 14:44:50 | INFO     | lottery_bot | Scheduled ลาว TV at 10:30 (Asia/Bangkok)
2026-08-18 14:44:50 | INFO     | lottery_bot | Scheduled ฮั่งเส็งเช้า at 11:05 (Asia/Bangkok)
2026-08-18 14:44:50 | INFO     | lottery_bot | Scheduled ฮั่งเส็งเช้า VIP at 10:35 (Asia/Bangkok)
2026-08-18 14:44:50 | INFO     | lottery_bot | Scheduled ฮานอย HD at 11:30 (Asia/Bangkok)
2026-08-18 14:44:50 | INFO     | lottery_bot | Scheduled ไต้หวัน VIP at 11:35 (Asia/Bangkok)
2026-08-18 14:44:50 | INFO     | lottery_bot | Scheduled ฮานอย Star at 12:30 (Asia/Bangkok)
2026-08-18 14:44:50 | INFO     | lottery_bot | Scheduled ไต้หวัน at 12:35 (Asia/Bangkok)
2026-08-18 14:44:50 | INFO     | lottery_bot | Scheduled เกาหลี VIP at 12:35 (Asia/Bangkok)
2026-08-18 14:44:50 | INFO     | lottery_bot | Scheduled นิเคอิบ่าย at 13:30 (Asia/Bangkok)
2026-08-18 14:44:50 | INFO     | lottery_bot | Scheduled นิเคอิบ่าย VIP at 13:25 (Asia/Bangkok)
2026-08-18 14:44:50 | INFO     | lottery_bot | Scheduled หุ้นเกาหลี at 13:30 (Asia/Bangkok)
2026-08-18 14:44:50 | INFO     | lottery_bot | Scheduled ลาว HD at 13:45 (Asia/Bangkok)
2026-08-18 14:44:50 | INFO     | lottery_bot | Scheduled จีนบ่าย at 14:00 (Asia/Bangkok)
2026-08-18 14:44:50 | INFO     | lottery_bot | Scheduled จีนบ่าย VIP at 14:25 (Asia/Bangkok)
2026-08-18 14:44:50 | INFO     | lottery_bot | Scheduled ฮานอย TV at 14:30 (Asia/Bangkok)
2026-08-18 14:44:50 | INFO     | lottery_bot | Scheduled ฮั่งเส็งบ่าย at 15:10 (Asia/Bangkok)
2026-08-18 14:44:50 | INFO     | lottery_bot | Scheduled ฮั่งเส็งบ่าย VIP at 15:25 (Asia/Bangkok)
2026-08-18 14:44:50 | INFO     | lottery_bot | Scheduled ลาว Star at 15:45 (Asia/Bangkok)
2026-08-18 14:44:50 | INFO     | lottery_bot | Scheduled หุ้นสิงคโปร์ at 16:25 (Asia/Bangkok)
2026-08-18 14:44:50 | INFO     | lottery_bot | Scheduled ฮานอย กาชาด at 16:30 (Asia/Bangkok)
2026-08-18 14:44:50 | INFO     | lottery_bot | Scheduled หุ้นไทยเย็น at 16:45 (Asia/Bangkok)
2026-08-18 14:44:50 | INFO     | lottery_bot | Scheduler started
2026-08-18 14:44:50 | INFO     | lottery_bot | Checking pending lotteries due today (Current time: 14:44)...
2026-08-18 14:44:50 | INFO     | lottery_bot | Bot is running. Press Ctrl+C to stop.
2026-08-18 15:06:39 | INFO     | lottery_bot | ==================================================
2026-08-18 15:06:39 | INFO     | lottery_bot | Lottery Bot starting...
2026-08-18 15:06:39 | INFO     | lottery_bot | ==================================================
2026-08-18 15:06:39 | INFO     | lottery_bot | Database initialized at lottery_results.db
2026-08-18 15:06:39 | INFO     | lottery_bot | LineSender initialized for group C3da8f4c...
2026-08-18 15:06:39 | INFO     | lottery_bot | Loaded 27 lotteries from config.json
2026-08-18 15:06:39 | INFO     | lottery_bot | Scheduled ลาว Extra at 08:30 (Asia/Bangkok)
2026-08-18 15:06:39 | INFO     | lottery_bot | Scheduled ฮานอยอาเซียน at 09:30 (Asia/Bangkok)
2026-08-18 15:06:39 | INFO     | lottery_bot | Scheduled นิเคอิเช้า at 09:30 (Asia/Bangkok)
2026-08-18 15:06:39 | INFO     | lottery_bot | Scheduled นิเคอิเช้า VIP at 09:05 (Asia/Bangkok)
2026-08-18 15:06:39 | INFO     | lottery_bot | Scheduled จีนเช้า at 10:30 (Asia/Bangkok)
2026-08-18 15:06:39 | INFO     | lottery_bot | Scheduled จีนเช้า VIP at 10:05 (Asia/Bangkok)
2026-08-18 15:06:39 | INFO     | lottery_bot | Scheduled ลาว TV at 10:30 (Asia/Bangkok)
2026-08-18 15:06:39 | INFO     | lottery_bot | Scheduled ฮั่งเส็งเช้า at 11:05 (Asia/Bangkok)
2026-08-18 15:06:39 | INFO     | lottery_bot | Scheduled ฮั่งเส็งเช้า VIP at 10:35 (Asia/Bangkok)
2026-08-18 15:06:39 | INFO     | lottery_bot | Scheduled ฮานอย HD at 11:30 (Asia/Bangkok)
2026-08-18 15:06:39 | INFO     | lottery_bot | Scheduled ไต้หวัน VIP at 11:35 (Asia/Bangkok)
2026-08-18 15:06:39 | INFO     | lottery_bot | Scheduled ฮานอย Star at 12:30 (Asia/Bangkok)
2026-08-18 15:06:39 | INFO     | lottery_bot | Scheduled ไต้หวัน at 12:35 (Asia/Bangkok)
2026-08-18 15:06:39 | INFO     | lottery_bot | Scheduled เกาหลี VIP at 12:35 (Asia/Bangkok)
2026-08-18 15:06:39 | INFO     | lottery_bot | Scheduled นิเคอิบ่าย at 13:30 (Asia/Bangkok)
2026-08-18 15:06:39 | INFO     | lottery_bot | Scheduled นิเคอิบ่าย VIP at 13:25 (Asia/Bangkok)
2026-08-18 15:06:39 | INFO     | lottery_bot | Scheduled หุ้นเกาหลี at 13:30 (Asia/Bangkok)
2026-08-18 15:06:39 | INFO     | lottery_bot | Scheduled ลาว HD at 13:45 (Asia/Bangkok)
2026-08-18 15:06:39 | INFO     | lottery_bot | Scheduled จีนบ่าย at 14:00 (Asia/Bangkok)
2026-08-18 15:06:39 | INFO     | lottery_bot | Scheduled จีนบ่าย VIP at 14:25 (Asia/Bangkok)
2026-08-18 15:06:39 | INFO     | lottery_bot | Scheduled ฮานอย TV at 14:30 (Asia/Bangkok)
2026-08-18 15:06:39 | INFO     | lottery_bot | Scheduled ฮั่งเส็งบ่าย at 15:10 (Asia/Bangkok)
2026-08-18 15:06:39 | INFO     | lottery_bot | Scheduled ฮั่งเส็งบ่าย VIP at 15:25 (Asia/Bangkok)
2026-08-18 15:06:39 | INFO     | lottery_bot | Scheduled ลาว Star at 15:45 (Asia/Bangkok)
2026-08-18 15:06:39 | INFO     | lottery_bot | Scheduled หุ้นสิงคโปร์ at 16:25 (Asia/Bangkok)
2026-08-18 15:06:39 | INFO     | lottery_bot | Scheduled ฮานอย กาชาด at 16:30 (Asia/Bangkok)
2026-08-18 15:06:39 | INFO     | lottery_bot | Scheduled หุ้นไทยเย็น at 16:45 (Asia/Bangkok)
2026-08-18 15:06:39 | INFO     | lottery_bot | Scheduler started
2026-08-18 15:06:39 | INFO     | lottery_bot | Checking pending lotteries due today (Current time: 15:06)...
2026-08-18 15:06:39 | INFO     | lottery_bot | Bot is running. Press Ctrl+C to stop.
2026-08-18 15:07:05 | INFO     | lottery_bot | ==================================================
2026-08-18 15:07:05 | INFO     | lottery_bot | Lottery Bot starting...
2026-08-18 15:07:05 | INFO     | lottery_bot | ==================================================
2026-08-18 15:07:05 | INFO     | lottery_bot | Database initialized at lottery_results.db
2026-08-18 15:07:05 | INFO     | lottery_bot | LineSender initialized for group C3da8f4c...
2026-08-18 15:07:05 | INFO     | lottery_bot | Loaded 27 lotteries from config.json
2026-08-18 15:07:05 | INFO     | lottery_bot | Scheduled ลาว Extra at 08:30 (Asia/Bangkok)
2026-08-18 15:07:05 | INFO     | lottery_bot | Scheduled ฮานอยอาเซียน at 09:30 (Asia/Bangkok)
2026-08-18 15:07:05 | INFO     | lottery_bot | Scheduled นิเคอิเช้า at 09:30 (Asia/Bangkok)
2026-08-18 15:07:05 | INFO     | lottery_bot | Scheduled นิเคอิเช้า VIP at 09:05 (Asia/Bangkok)
2026-08-18 15:07:05 | INFO     | lottery_bot | Scheduled จีนเช้า at 10:30 (Asia/Bangkok)
2026-08-18 15:07:05 | INFO     | lottery_bot | Scheduled จีนเช้า VIP at 10:05 (Asia/Bangkok)
2026-08-18 15:07:05 | INFO     | lottery_bot | Scheduled ลาว TV at 10:30 (Asia/Bangkok)
2026-08-18 15:07:05 | INFO     | lottery_bot | Scheduled ฮั่งเส็งเช้า at 11:05 (Asia/Bangkok)
2026-08-18 15:07:05 | INFO     | lottery_bot | Scheduled ฮั่งเส็งเช้า VIP at 10:35 (Asia/Bangkok)
2026-08-18 15:07:05 | INFO     | lottery_bot | Scheduled ฮานอย HD at 11:30 (Asia/Bangkok)
2026-08-18 15:07:05 | INFO     | lottery_bot | Scheduled ไต้หวัน VIP at 11:35 (Asia/Bangkok)
2026-08-18 15:07:05 | INFO     | lottery_bot | Scheduled ฮานอย Star at 12:30 (Asia/Bangkok)
2026-08-18 15:07:05 | INFO     | lottery_bot | Scheduled ไต้หวัน at 12:35 (Asia/Bangkok)
2026-08-18 15:07:05 | INFO     | lottery_bot | Scheduled เกาหลี VIP at 12:35 (Asia/Bangkok)
2026-08-18 15:07:05 | INFO     | lottery_bot | Scheduled นิเคอิบ่าย at 13:30 (Asia/Bangkok)
2026-08-18 15:07:05 | INFO     | lottery_bot | Scheduled นิเคอิบ่าย VIP at 13:25 (Asia/Bangkok)
2026-08-18 15:07:05 | INFO     | lottery_bot | Scheduled หุ้นเกาหลี at 13:30 (Asia/Bangkok)
2026-08-18 15:07:05 | INFO     | lottery_bot | Scheduled ลาว HD at 13:45 (Asia/Bangkok)
2026-08-18 15:07:05 | INFO     | lottery_bot | Scheduled จีนบ่าย at 14:00 (Asia/Bangkok)
2026-08-18 15:07:05 | INFO     | lottery_bot | Scheduled จีนบ่าย VIP at 14:25 (Asia/Bangkok)
2026-08-18 15:07:05 | INFO     | lottery_bot | Scheduled ฮานอย TV at 14:30 (Asia/Bangkok)
2026-08-18 15:07:05 | INFO     | lottery_bot | Scheduled ฮั่งเส็งบ่าย at 15:10 (Asia/Bangkok)
2026-08-18 15:07:05 | INFO     | lottery_bot | Scheduled ฮั่งเส็งบ่าย VIP at 15:25 (Asia/Bangkok)
2026-08-18 15:07:05 | INFO     | lottery_bot | Scheduled ลาว Star at 15:45 (Asia/Bangkok)
2026-08-18 15:07:05 | INFO     | lottery_bot | Scheduled หุ้นสิงคโปร์ at 16:25 (Asia/Bangkok)
2026-08-18 15:07:05 | INFO     | lottery_bot | Scheduled ฮานอย กาชาด at 16:30 (Asia/Bangkok)
2026-08-18 15:07:05 | INFO     | lottery_bot | Scheduled หุ้นไทยเย็น at 16:45 (Asia/Bangkok)
2026-08-18 15:07:05 | INFO     | lottery_bot | Scheduler started
2026-08-18 15:07:05 | INFO     | lottery_bot | Checking pending lotteries due today (Current time: 15:07)...
2026-08-18 15:07:06 | INFO     | lottery_bot | Bot is running. Press Ctrl+C to stop.
2026-08-18 15:10:00 | INFO     | lottery_bot | === Start checking ฮั่งเส็งบ่าย (polling up to 30 min) ===
2026-08-18 15:10:00 | INFO     | lottery_bot | ฮั่งเส็งบ่าย attempt 1/30 (waiting for site to update)...
2026-08-18 15:10:00 | INFO     | lottery_bot | === Start checking ฮั่งเส็งบ่าย (polling up to 30 min) ===
2026-08-18 15:10:00 | INFO     | lottery_bot | ฮั่งเส็งบ่าย attempt 1/30 (waiting for site to update)...
2026-08-18 15:10:00 | INFO     | lottery_bot | Opening SMLOT report page via Playwright: https://member.smlot.net/reports/reward
2026-08-18 15:10:00 | INFO     | lottery_bot | Opening SMLOT report page via Playwright: https://member.smlot.net/reports/reward
2026-08-18 15:10:07 | INFO     | lottery_bot | SMLOT requires login. Logging in with user 'bdd***'...
2026-08-18 15:10:07 | INFO     | lottery_bot | SMLOT requires login. Logging in with user 'bdd***'...
2026-08-18 15:10:12 | INFO     | lottery_bot | Successfully fetched 48 lottery results from SMLOT
2026-08-18 15:10:12 | ERROR    | lottery_bot.parsers | Parser SMLOT Reward Report failed: SMLOT parser: Result for 'ฮั่งเส็งบ่าย' is not yet available on member.smlot.net/reports/reward
2026-08-18 15:10:12 | WARNING  | lottery_bot | ParseError for ฮั่งเส็งบ่าย: SMLOT parser: Result for 'ฮั่งเส็งบ่าย' is not yet available on member.smlot.net/reports/reward
2026-08-18 15:10:12 | INFO     | lottery_bot | Successfully fetched 48 lottery results from SMLOT
2026-08-18 15:10:12 | ERROR    | lottery_bot.parsers | Parser SMLOT Reward Report failed: SMLOT parser: Result for 'ฮั่งเส็งบ่าย' is not yet available on member.smlot.net/reports/reward
2026-08-18 15:10:12 | WARNING  | lottery_bot | ParseError for ฮั่งเส็งบ่าย: SMLOT parser: Result for 'ฮั่งเส็งบ่าย' is not yet available on member.smlot.net/reports/reward
2026-08-18 15:11:09 | INFO     | lottery_bot | LineSender initialized for group C3da8f4c...
2026-08-18 15:11:09 | INFO     | lottery_bot | LINE Flex Message sent successfully for หุ้นเกาหลี
2026-08-18 15:11:12 | INFO     | lottery_bot | ฮั่งเส็งบ่าย attempt 2/30 (waiting for site to update)...
2026-08-18 15:11:12 | INFO     | lottery_bot | Opening SMLOT report page via Playwright: https://member.smlot.net/reports/reward
2026-08-18 15:11:12 | INFO     | lottery_bot | ฮั่งเส็งบ่าย attempt 2/30 (waiting for site to update)...
2026-08-18 15:11:12 | INFO     | lottery_bot | Opening SMLOT report page via Playwright: https://member.smlot.net/reports/reward
2026-08-18 15:11:15 | INFO     | lottery_bot | SMLOT requires login. Logging in with user 'bdd***'...
2026-08-18 15:11:15 | INFO     | lottery_bot | SMLOT requires login. Logging in with user 'bdd***'...
2026-08-18 15:11:20 | INFO     | lottery_bot | Successfully fetched 50 lottery results from SMLOT
2026-08-18 15:11:20 | INFO     | lottery_bot.parsers | Parsed SMLOT Reward Report → top3=115 bottom2=92
2026-08-18 15:11:20 | INFO     | lottery_bot | Prepared message:
🇭🇰 ฮั่งเส็งบ่าย
🔺 1️⃣ 1️⃣ 5️⃣
🔻 9️⃣ 2️⃣
2026-08-18 15:11:20 | INFO     | lottery_bot | Successfully fetched 50 lottery results from SMLOT
2026-08-18 15:11:20 | INFO     | lottery_bot.parsers | Parsed SMLOT Reward Report → top3=115 bottom2=92
2026-08-18 15:11:20 | INFO     | lottery_bot | Prepared message:
🇭🇰 ฮั่งเส็งบ่าย
🔺 1️⃣ 1️⃣ 5️⃣
🔻 9️⃣ 2️⃣
2026-08-18 15:11:20 | INFO     | lottery_bot | LINE Flex Message sent successfully for ฮั่งเส็งบ่าย
2026-08-18 15:11:20 | INFO     | lottery_bot | LINE Flex Message sent successfully for ฮั่งเส็งบ่าย
2026-08-18 15:11:20 | INFO     | lottery_bot | Saved result: ฮั่งเส็งบ่าย | 2026-08-18 | top3=115 bottom2=92
2026-08-18 15:11:20 | INFO     | lottery_bot | ฮั่งเส็งบ่าย result sent successfully – stop polling
2026-08-18 15:11:20 | WARNING  | lottery_bot | Duplicate prevented: ฮั่งเส็งบ่าย already sent for 2026-08-18
2026-08-18 15:11:20 | INFO     | lottery_bot | ฮั่งเส็งบ่าย result sent successfully – stop polling
2026-08-18 15:25:00 | INFO     | lottery_bot | === Start checking ฮั่งเส็งบ่าย VIP (polling up to 30 min) ===
2026-08-18 15:25:00 | INFO     | lottery_bot | ฮั่งเส็งบ่าย VIP attempt 1/30 (waiting for site to update)...
2026-08-18 15:25:00 | INFO     | lottery_bot | === Start checking ฮั่งเส็งบ่าย VIP (polling up to 30 min) ===
2026-08-18 15:25:00 | INFO     | lottery_bot | ฮั่งเส็งบ่าย VIP attempt 1/30 (waiting for site to update)...
2026-08-18 15:25:00 | INFO     | lottery_bot | Opening SMLOT report page via Playwright: https://member.smlot.net/reports/reward
2026-08-18 15:25:05 | INFO     | lottery_bot | SMLOT requires login. Logging in with user 'bdd***'...
2026-08-18 15:25:05 | INFO     | lottery_bot | SMLOT requires login. Logging in with user 'bdd***'...
2026-08-18 15:25:10 | INFO     | lottery_bot | Successfully fetched 50 lottery results from SMLOT
2026-08-18 15:25:10 | ERROR    | lottery_bot.parsers | Parser SMLOT Reward Report failed: SMLOT parser: Result for 'ฮั่งเส็งบ่าย VIP' is not yet available on member.smlot.net/reports/reward
2026-08-18 15:25:10 | WARNING  | lottery_bot | ParseError for ฮั่งเส็งบ่าย VIP: SMLOT parser: Result for 'ฮั่งเส็งบ่าย VIP' is not yet available on member.smlot.net/reports/reward
2026-08-18 15:25:10 | INFO     | lottery_bot | Successfully fetched 50 lottery results from SMLOT
2026-08-18 15:25:10 | ERROR    | lottery_bot.parsers | Parser SMLOT Reward Report failed: SMLOT parser: Result for 'ฮั่งเส็งบ่าย VIP' is not yet available on member.smlot.net/reports/reward
2026-08-18 15:25:10 | WARNING  | lottery_bot | ParseError for ฮั่งเส็งบ่าย VIP: SMLOT parser: Result for 'ฮั่งเส็งบ่าย VIP' is not yet available on member.smlot.net/reports/reward
2026-08-18 15:26:10 | INFO     | lottery_bot | ฮั่งเส็งบ่าย VIP attempt 2/30 (waiting for site to update)...
2026-08-18 15:26:10 | INFO     | lottery_bot | Opening SMLOT report page via Playwright: https://member.smlot.net/reports/reward
2026-08-18 15:26:10 | INFO     | lottery_bot | ฮั่งเส็งบ่าย VIP attempt 2/30 (waiting for site to update)...
2026-08-18 15:26:10 | INFO     | lottery_bot | Opening SMLOT report page via Playwright: https://member.smlot.net/reports/reward
2026-08-18 15:26:13 | INFO     | lottery_bot | SMLOT requires login. Logging in with user 'bdd***'...
2026-08-18 15:26:13 | INFO     | lottery_bot | SMLOT requires login. Logging in with user 'bdd***'...
2026-08-18 15:26:18 | INFO     | lottery_bot | Successfully fetched 50 lottery results from SMLOT
2026-08-18 15:26:18 | ERROR    | lottery_bot.parsers | Parser SMLOT Reward Report failed: SMLOT parser: Result for 'ฮั่งเส็งบ่าย VIP' is not yet available on member.smlot.net/reports/reward
2026-08-18 15:26:18 | WARNING  | lottery_bot | ParseError for ฮั่งเส็งบ่าย VIP: SMLOT parser: Result for 'ฮั่งเส็งบ่าย VIP' is not yet available on member.smlot.net/reports/reward
2026-08-18 15:26:18 | INFO     | lottery_bot | Successfully fetched 50 lottery results from SMLOT
2026-08-18 15:26:18 | ERROR    | lottery_bot.parsers | Parser SMLOT Reward Report failed: SMLOT parser: Result for 'ฮั่งเส็งบ่าย VIP' is not yet available on member.smlot.net/reports/reward
2026-08-18 15:26:18 | WARNING  | lottery_bot | ParseError for ฮั่งเส็งบ่าย VIP: SMLOT parser: Result for 'ฮั่งเส็งบ่าย VIP' is not yet available on member.smlot.net/reports/reward
2026-08-18 15:30:37 | INFO     | lottery_bot | ==================================================
2026-08-18 15:30:37 | INFO     | lottery_bot | Lottery Bot starting...
2026-08-18 15:30:37 | INFO     | lottery_bot | ==================================================
2026-08-18 15:30:37 | INFO     | lottery_bot | Database initialized at lottery_results.db
2026-08-18 15:30:37 | INFO     | lottery_bot | LineSender initialized for group C3da8f4c...
2026-08-18 15:30:37 | INFO     | lottery_bot | Loaded 27 lotteries from config.json
2026-08-18 15:30:37 | INFO     | lottery_bot | Scheduled ลาว Extra at 08:30 (Asia/Bangkok)
2026-08-18 15:30:37 | INFO     | lottery_bot | Scheduled ฮานอยอาเซียน at 09:30 (Asia/Bangkok)
2026-08-18 15:30:37 | INFO     | lottery_bot | Scheduled นิเคอิเช้า at 09:30 (Asia/Bangkok)
2026-08-18 15:30:37 | INFO     | lottery_bot | Scheduled นิเคอิเช้า VIP at 09:05 (Asia/Bangkok)
2026-08-18 15:30:37 | INFO     | lottery_bot | Scheduled จีนเช้า at 10:30 (Asia/Bangkok)
2026-08-18 15:30:37 | INFO     | lottery_bot | Scheduled จีนเช้า VIP at 10:05 (Asia/Bangkok)
2026-08-18 15:30:37 | INFO     | lottery_bot | Scheduled ลาว TV at 10:30 (Asia/Bangkok)
2026-08-18 15:30:37 | INFO     | lottery_bot | Scheduled ฮั่งเส็งเช้า at 11:05 (Asia/Bangkok)
2026-08-18 15:30:37 | INFO     | lottery_bot | Scheduled ฮั่งเส็งเช้า VIP at 10:35 (Asia/Bangkok)
2026-08-18 15:30:37 | INFO     | lottery_bot | Scheduled ฮานอย HD at 11:30 (Asia/Bangkok)
2026-08-18 15:30:37 | INFO     | lottery_bot | Scheduled ไต้หวัน VIP at 11:35 (Asia/Bangkok)
2026-08-18 15:30:37 | INFO     | lottery_bot | Scheduled ฮานอย Star at 12:30 (Asia/Bangkok)
2026-08-18 15:30:37 | INFO     | lottery_bot | Scheduled ไต้หวัน at 12:35 (Asia/Bangkok)
2026-08-18 15:30:37 | INFO     | lottery_bot | Scheduled เกาหลี VIP at 12:35 (Asia/Bangkok)
2026-08-18 15:30:37 | INFO     | lottery_bot | Scheduled นิเคอิบ่าย at 13:30 (Asia/Bangkok)
2026-08-18 15:30:37 | INFO     | lottery_bot | Scheduled นิเคอิบ่าย VIP at 13:25 (Asia/Bangkok)
2026-08-18 15:30:37 | INFO     | lottery_bot | Scheduled หุ้นเกาหลี at 13:30 (Asia/Bangkok)
2026-08-18 15:30:37 | INFO     | lottery_bot | Scheduled ลาว HD at 13:45 (Asia/Bangkok)
2026-08-18 15:30:37 | INFO     | lottery_bot | Scheduled จีนบ่าย at 14:00 (Asia/Bangkok)
2026-08-18 15:30:37 | INFO     | lottery_bot | Scheduled จีนบ่าย VIP at 14:25 (Asia/Bangkok)
2026-08-18 15:30:37 | INFO     | lottery_bot | Scheduled ฮานอย TV at 14:30 (Asia/Bangkok)
2026-08-18 15:30:37 | INFO     | lottery_bot | Scheduled ฮั่งเส็งบ่าย at 15:10 (Asia/Bangkok)
2026-08-18 15:30:37 | INFO     | lottery_bot | Scheduled ฮั่งเส็งบ่าย VIP at 15:25 (Asia/Bangkok)
2026-08-18 15:30:37 | INFO     | lottery_bot | Scheduled ลาว Star at 15:45 (Asia/Bangkok)
2026-08-18 15:30:37 | INFO     | lottery_bot | Scheduled หุ้นสิงคโปร์ at 16:25 (Asia/Bangkok)
2026-08-18 15:30:37 | INFO     | lottery_bot | Scheduled ฮานอย กาชาด at 16:30 (Asia/Bangkok)
2026-08-18 15:30:37 | INFO     | lottery_bot | Scheduled หุ้นไทยเย็น at 16:45 (Asia/Bangkok)
2026-08-18 15:30:37 | INFO     | lottery_bot | Scheduler started
2026-08-18 15:30:37 | INFO     | lottery_bot | Checking pending lotteries due today (Current time: 15:30)...
2026-08-18 15:30:37 | INFO     | lottery_bot | Lottery 'ฮั่งเส็งบ่าย VIP' (due at 15:25) has not been sent today. Checking now...
2026-08-18 15:30:37 | INFO     | lottery_bot | Bot is running. Press Ctrl+C to stop.
2026-08-18 15:30:37 | INFO     | lottery_bot | === Start checking ฮั่งเส็งบ่าย VIP (polling up to 30 min) ===
2026-08-18 15:30:37 | INFO     | lottery_bot | ฮั่งเส็งบ่าย VIP attempt 1/30 (waiting for site to update)...
2026-08-18 15:30:37 | INFO     | lottery_bot | Opening SMLOT report page via Playwright: https://member.smlot.net/reports/reward
2026-08-18 15:30:41 | INFO     | lottery_bot | SMLOT requires login. Logging in with user 'bdd***'...
2026-08-18 15:30:46 | INFO     | lottery_bot | Successfully fetched 52 lottery results from SMLOT
2026-08-18 15:30:46 | INFO     | lottery_bot.parsers | Parsed SMLOT Reward Report → top3=990 bottom2=49
2026-08-18 15:30:46 | INFO     | lottery_bot | Prepared message:
⭐🇭🇰 ฮั่งเส็งบ่าย VIP
🔺 9️⃣ 9️⃣ 0️⃣
🔻 4️⃣ 9️⃣
2026-08-18 15:30:46 | INFO     | lottery_bot | LINE Flex Message sent successfully for ฮั่งเส็งบ่าย VIP
2026-08-18 15:30:46 | INFO     | lottery_bot | Saved result: ฮั่งเส็งบ่าย VIP | 2026-08-18 | top3=990 bottom2=49
2026-08-18 15:30:46 | INFO     | lottery_bot | ฮั่งเส็งบ่าย VIP result sent successfully – stop polling
2026-08-18 15:45:00 | INFO     | lottery_bot | === Start checking ลาว Star (polling up to 30 min) ===
2026-08-18 15:45:00 | INFO     | lottery_bot | ลาว Star attempt 1/30 (waiting for site to update)...
2026-08-18 15:45:00 | INFO     | lottery_bot | Opening SMLOT report page via Playwright: https://member.smlot.net/reports/reward
2026-08-18 15:45:04 | INFO     | lottery_bot | SMLOT requires login. Logging in with user 'bdd***'...
2026-08-18 15:45:09 | INFO     | lottery_bot | Successfully fetched 52 lottery results from SMLOT
2026-08-18 15:45:09 | ERROR    | lottery_bot.parsers | Parser SMLOT Reward Report failed: SMLOT parser: Result for 'ลาว Star' is not yet available on member.smlot.net/reports/reward
2026-08-18 15:45:09 | WARNING  | lottery_bot | ParseError for ลาว Star: SMLOT parser: Result for 'ลาว Star' is not yet available on member.smlot.net/reports/reward
2026-08-18 15:46:09 | INFO     | lottery_bot | ลาว Star attempt 2/30 (waiting for site to update)...
2026-08-18 15:46:09 | INFO     | lottery_bot | Opening SMLOT report page via Playwright: https://member.smlot.net/reports/reward
2026-08-18 15:46:11 | INFO     | lottery_bot | SMLOT requires login. Logging in with user 'bdd***'...
2026-08-18 15:46:15 | INFO     | lottery_bot | Successfully fetched 52 lottery results from SMLOT
2026-08-18 15:46:15 | ERROR    | lottery_bot.parsers | Parser SMLOT Reward Report failed: SMLOT parser: Result for 'ลาว Star' is not yet available on member.smlot.net/reports/reward
2026-08-18 15:46:15 | WARNING  | lottery_bot | ParseError for ลาว Star: SMLOT parser: Result for 'ลาว Star' is not yet available on member.smlot.net/reports/reward
2026-08-18 15:47:15 | INFO     | lottery_bot | ลาว Star attempt 3/30 (waiting for site to update)...
2026-08-18 15:47:15 | INFO     | lottery_bot | Opening SMLOT report page via Playwright: https://member.smlot.net/reports/reward
2026-08-18 15:47:18 | INFO     | lottery_bot | SMLOT requires login. Logging in with user 'bdd***'...
2026-08-18 15:47:23 | INFO     | lottery_bot | Successfully fetched 52 lottery results from SMLOT
2026-08-18 15:47:23 | ERROR    | lottery_bot.parsers | Parser SMLOT Reward Report failed: SMLOT parser: Result for 'ลาว Star' is not yet available on member.smlot.net/reports/reward
2026-08-18 15:47:23 | WARNING  | lottery_bot | ParseError for ลาว Star: SMLOT parser: Result for 'ลาว Star' is not yet available on member.smlot.net/reports/reward
2026-08-18 15:48:23 | INFO     | lottery_bot | ลาว Star attempt 4/30 (waiting for site to update)...
2026-08-18 15:48:23 | INFO     | lottery_bot | Opening SMLOT report page via Playwright: https://member.smlot.net/reports/reward
2026-08-18 15:48:26 | INFO     | lottery_bot | SMLOT requires login. Logging in with user 'bdd***'...
2026-08-18 15:48:30 | INFO     | lottery_bot | Successfully fetched 52 lottery results from SMLOT
2026-08-18 15:48:30 | ERROR    | lottery_bot.parsers | Parser SMLOT Reward Report failed: SMLOT parser: Result for 'ลาว Star' is not yet available on member.smlot.net/reports/reward
2026-08-18 15:48:30 | WARNING  | lottery_bot | ParseError for ลาว Star: SMLOT parser: Result for 'ลาว Star' is not yet available on member.smlot.net/reports/reward
2026-08-18 15:49:30 | INFO     | lottery_bot | ลาว Star attempt 5/30 (waiting for site to update)...
2026-08-18 15:49:30 | INFO     | lottery_bot | Opening SMLOT report page via Playwright: https://member.smlot.net/reports/reward
2026-08-18 15:49:33 | INFO     | lottery_bot | SMLOT requires login. Logging in with user 'bdd***'...
2026-08-18 15:49:37 | INFO     | lottery_bot | Successfully fetched 54 lottery results from SMLOT
2026-08-18 15:49:37 | INFO     | lottery_bot.parsers | Parsed SMLOT Reward Report → top3=307 bottom2=66
2026-08-18 15:49:37 | INFO     | lottery_bot | Prepared message:
🇱🇦 ลาว Star
🔺 3️⃣ 0️⃣ 7️⃣
🔻 6️⃣ 6️⃣
2026-08-18 15:49:38 | INFO     | lottery_bot | LINE Flex Message sent successfully for ลาว Star
2026-08-18 15:49:38 | INFO     | lottery_bot | Saved result: ลาว Star | 2026-08-18 | top3=307 bottom2=66
2026-08-18 15:49:38 | INFO     | lottery_bot | ลาว Star result sent successfully – stop polling
2026-08-18 15:58:43 | INFO     | lottery_bot | Opening SMLOT report page via Playwright: https://member.smlot.net/reports/reward
2026-08-18 15:58:50 | INFO     | lottery_bot | SMLOT requires login. Logging in with user 'bdd***'...
2026-08-18 15:58:57 | INFO     | lottery_bot | Successfully fetched 54 lottery results from SMLOT
2026-08-18 16:25:00 | INFO     | lottery_bot | === Start checking หุ้นสิงคโปร์ (polling up to 30 min) ===
2026-08-18 16:25:00 | INFO     | lottery_bot | หุ้นสิงคโปร์ attempt 1/30 (waiting for site to update)...
2026-08-18 16:25:00 | INFO     | lottery_bot | Opening SMLOT report page via Playwright: https://member.smlot.net/reports/reward
2026-08-18 16:25:03 | INFO     | lottery_bot | SMLOT requires login. Logging in with user 'bdd***'...
2026-08-18 16:25:08 | INFO     | lottery_bot | Successfully fetched 55 lottery results from SMLOT
2026-08-18 16:25:08 | ERROR    | lottery_bot.parsers | Parser SMLOT Reward Report failed: SMLOT parser: Result for 'หุ้นสิงคโปร์' is not yet available on member.smlot.net/reports/reward
2026-08-18 16:25:08 | WARNING  | lottery_bot | ParseError for หุ้นสิงคโปร์: SMLOT parser: Result for 'หุ้นสิงคโปร์' is not yet available on member.smlot.net/reports/reward
2026-08-18 16:26:08 | INFO     | lottery_bot | หุ้นสิงคโปร์ attempt 2/30 (waiting for site to update)...
2026-08-18 16:26:08 | INFO     | lottery_bot | Opening SMLOT report page via Playwright: https://member.smlot.net/reports/reward
2026-08-18 16:26:10 | INFO     | lottery_bot | SMLOT requires login. Logging in with user 'bdd***'...
2026-08-18 16:26:15 | INFO     | lottery_bot | Successfully fetched 55 lottery results from SMLOT
2026-08-18 16:26:15 | ERROR    | lottery_bot.parsers | Parser SMLOT Reward Report failed: SMLOT parser: Result for 'หุ้นสิงคโปร์' is not yet available on member.smlot.net/reports/reward
2026-08-18 16:26:15 | WARNING  | lottery_bot | ParseError for หุ้นสิงคโปร์: SMLOT parser: Result for 'หุ้นสิงคโปร์' is not yet available on member.smlot.net/reports/reward
2026-08-18 16:27:15 | INFO     | lottery_bot | หุ้นสิงคโปร์ attempt 3/30 (waiting for site to update)...
2026-08-18 16:27:15 | INFO     | lottery_bot | Opening SMLOT report page via Playwright: https://member.smlot.net/reports/reward
2026-08-18 16:27:17 | INFO     | lottery_bot | SMLOT requires login. Logging in with user 'bdd***'...
2026-08-18 16:27:21 | INFO     | lottery_bot | Successfully fetched 55 lottery results from SMLOT
2026-08-18 16:27:21 | ERROR    | lottery_bot.parsers | Parser SMLOT Reward Report failed: SMLOT parser: Result for 'หุ้นสิงคโปร์' is not yet available on member.smlot.net/reports/reward
2026-08-18 16:27:21 | WARNING  | lottery_bot | ParseError for หุ้นสิงคโปร์: SMLOT parser: Result for 'หุ้นสิงคโปร์' is not yet available on member.smlot.net/reports/reward
2026-08-18 16:28:21 | INFO     | lottery_bot | หุ้นสิงคโปร์ attempt 4/30 (waiting for site to update)...
2026-08-18 16:28:21 | INFO     | lottery_bot | Opening SMLOT report page via Playwright: https://member.smlot.net/reports/reward
2026-08-18 16:28:24 | INFO     | lottery_bot | SMLOT requires login. Logging in with user 'bdd***'...
2026-08-18 16:28:28 | INFO     | lottery_bot | Successfully fetched 55 lottery results from SMLOT
2026-08-18 16:28:28 | ERROR    | lottery_bot.parsers | Parser SMLOT Reward Report failed: SMLOT parser: Result for 'หุ้นสิงคโปร์' is not yet available on member.smlot.net/reports/reward
2026-08-18 16:28:28 | WARNING  | lottery_bot | ParseError for หุ้นสิงคโปร์: SMLOT parser: Result for 'หุ้นสิงคโปร์' is not yet available on member.smlot.net/reports/reward
2026-08-18 16:29:28 | INFO     | lottery_bot | หุ้นสิงคโปร์ attempt 5/30 (waiting for site to update)...
2026-08-18 16:29:28 | INFO     | lottery_bot | Opening SMLOT report page via Playwright: https://member.smlot.net/reports/reward
2026-08-18 16:29:32 | INFO     | lottery_bot | SMLOT requires login. Logging in with user 'bdd***'...
2026-08-18 16:29:37 | INFO     | lottery_bot | Successfully fetched 55 lottery results from SMLOT
2026-08-18 16:29:37 | ERROR    | lottery_bot.parsers | Parser SMLOT Reward Report failed: SMLOT parser: Result for 'หุ้นสิงคโปร์' is not yet available on member.smlot.net/reports/reward
2026-08-18 16:29:37 | WARNING  | lottery_bot | ParseError for หุ้นสิงคโปร์: SMLOT parser: Result for 'หุ้นสิงคโปร์' is not yet available on member.smlot.net/reports/reward
2026-08-18 16:30:00 | INFO     | lottery_bot | === Start checking ฮานอย กาชาด (polling up to 30 min) ===
2026-08-18 16:30:00 | INFO     | lottery_bot | ฮานอย กาชาด attempt 1/30 (waiting for site to update)...
2026-08-18 16:30:00 | ERROR    | lottery_bot.parsers | Parser SMLOT Reward Report failed: SMLOT parser: Result for 'ฮานอย กาชาด' is not yet available on member.smlot.net/reports/reward
2026-08-18 16:30:00 | WARNING  | lottery_bot | ParseError for ฮานอย กาชาด: SMLOT parser: Result for 'ฮานอย กาชาด' is not yet available on member.smlot.net/reports/reward
2026-08-18 16:30:37 | INFO     | lottery_bot | หุ้นสิงคโปร์ attempt 6/30 (waiting for site to update)...
2026-08-18 16:30:37 | INFO     | lottery_bot | Opening SMLOT report page via Playwright: https://member.smlot.net/reports/reward
2026-08-18 16:30:39 | INFO     | lottery_bot | SMLOT requires login. Logging in with user 'bdd***'...
2026-08-18 16:30:44 | INFO     | lottery_bot | Successfully fetched 55 lottery results from SMLOT
2026-08-18 16:30:44 | ERROR    | lottery_bot.parsers | Parser SMLOT Reward Report failed: SMLOT parser: Result for 'หุ้นสิงคโปร์' is not yet available on member.smlot.net/reports/reward
2026-08-18 16:30:44 | WARNING  | lottery_bot | ParseError for หุ้นสิงคโปร์: SMLOT parser: Result for 'หุ้นสิงคโปร์' is not yet available on member.smlot.net/reports/reward
2026-08-18 16:31:00 | INFO     | lottery_bot | ฮานอย กาชาด attempt 2/30 (waiting for site to update)...
2026-08-18 16:31:00 | ERROR    | lottery_bot.parsers | Parser SMLOT Reward Report failed: SMLOT parser: Result for 'ฮานอย กาชาด' is not yet available on member.smlot.net/reports/reward
2026-08-18 16:31:00 | WARNING  | lottery_bot | ParseError for ฮานอย กาชาด: SMLOT parser: Result for 'ฮานอย กาชาด' is not yet available on member.smlot.net/reports/reward
2026-08-18 16:31:44 | INFO     | lottery_bot | หุ้นสิงคโปร์ attempt 7/30 (waiting for site to update)...
2026-08-18 16:31:44 | INFO     | lottery_bot | Opening SMLOT report page via Playwright: https://member.smlot.net/reports/reward
2026-08-18 16:31:46 | INFO     | lottery_bot | SMLOT requires login. Logging in with user 'bdd***'...
2026-08-18 16:31:51 | INFO     | lottery_bot | Successfully fetched 56 lottery results from SMLOT
2026-08-18 16:31:51 | INFO     | lottery_bot.parsers | Parsed SMLOT Reward Report → top3=140 bottom2=06
2026-08-18 16:31:51 | INFO     | lottery_bot | Prepared message:
🇸🇬 หุ้นสิงคโปร์
🔺 1️⃣ 4️⃣ 0️⃣
🔻 0️⃣ 6️⃣
2026-08-18 16:31:51 | INFO     | lottery_bot | LINE Flex Message sent successfully for หุ้นสิงคโปร์
2026-08-18 16:31:52 | INFO     | lottery_bot | Saved result: หุ้นสิงคโปร์ | 2026-08-18 | top3=140 bottom2=06
2026-08-18 16:31:52 | INFO     | lottery_bot | หุ้นสิงคโปร์ result sent successfully – stop polling
2026-08-18 16:32:00 | INFO     | lottery_bot | ฮานอย กาชาด attempt 3/30 (waiting for site to update)...
2026-08-18 16:32:00 | ERROR    | lottery_bot.parsers | Parser SMLOT Reward Report failed: SMLOT parser: Result for 'ฮานอย กาชาด' is not yet available on member.smlot.net/reports/reward
2026-08-18 16:32:00 | WARNING  | lottery_bot | ParseError for ฮานอย กาชาด: SMLOT parser: Result for 'ฮานอย กาชาด' is not yet available on member.smlot.net/reports/reward
2026-08-18 16:33:00 | INFO     | lottery_bot | ฮานอย กาชาด attempt 4/30 (waiting for site to update)...
2026-08-18 16:33:00 | INFO     | lottery_bot | Opening SMLOT report page via Playwright: https://member.smlot.net/reports/reward
2026-08-18 16:33:02 | INFO     | lottery_bot | SMLOT requires login. Logging in with user 'bdd***'...
2026-08-18 16:33:06 | INFO     | lottery_bot | Successfully fetched 56 lottery results from SMLOT
2026-08-18 16:33:06 | ERROR    | lottery_bot.parsers | Parser SMLOT Reward Report failed: SMLOT parser: Result for 'ฮานอย กาชาด' is not yet available on member.smlot.net/reports/reward
2026-08-18 16:33:06 | WARNING  | lottery_bot | ParseError for ฮานอย กาชาด: SMLOT parser: Result for 'ฮานอย กาชาด' is not yet available on member.smlot.net/reports/reward
2026-08-18 16:34:06 | INFO     | lottery_bot | ฮานอย กาชาด attempt 5/30 (waiting for site to update)...
2026-08-18 16:34:06 | INFO     | lottery_bot | Opening SMLOT report page via Playwright: https://member.smlot.net/reports/reward
2026-08-18 16:34:08 | INFO     | lottery_bot | SMLOT requires login. Logging in with user 'bdd***'...
2026-08-18 16:34:13 | INFO     | lottery_bot | Successfully fetched 58 lottery results from SMLOT
2026-08-18 16:34:13 | INFO     | lottery_bot.parsers | Parsed SMLOT Reward Report → top3=416 bottom2=32
2026-08-18 16:34:13 | INFO     | lottery_bot | Prepared message:
🇻🇳 ฮานอย กาชาด
🔺 4️⃣ 1️⃣ 6️⃣
🔻 3️⃣ 2️⃣
2026-08-18 16:34:14 | INFO     | lottery_bot | LINE Flex Message sent successfully for ฮานอย กาชาด
2026-08-18 16:34:14 | INFO     | lottery_bot | Saved result: ฮานอย กาชาด | 2026-08-18 | top3=416 bottom2=32
2026-08-18 16:34:14 | INFO     | lottery_bot | ฮานอย กาชาด result sent successfully – stop polling
2026-08-18 16:39:24 | INFO     | lottery_bot | LineSender initialized for group C3da8f4c...
2026-08-18 16:39:25 | INFO     | lottery_bot | LINE Flex Message sent successfully for หุ้นสิงคโปร์
